[
    {
        "city": "Foz Do Iguacu",
        "state": "PR",
        "district": "Vila Brasilia",
        "street": "Travessa Graciliano Ramos",
        "zipcode": "85864-215"
    },
    {
        "city": "Foz Do Iguacu",
        "state": "PR",
        "district": "Vila Carima",
        "street": "Beco Marumbi",
        "zipcode": "85854-710"
    },
    {
        "city": "Foz Do Iguacu",
        "state": "PR",
        "district": "Loteamento Witt",
        "street": "Rua Sebastiao Flor",
        "zipcode": "85862-607"
    },
    {
        "city": "Foz Do Iguacu",
        "state": "PR",
        "district": "Loteamento Menger",
        "street": "Rua Ilha Grande",
        "zipcode": "85862-615"
    },
    {
        "city": "Foz Do Iguacu",
        "state": "PR",
        "district": "Jardim Ipanema",
        "street": "Rua Bom Jardim",
        "zipcode": "85862-697"
    },
    {
        "city": "Foz Do Iguacu",
        "state": "PR",
        "district": "Jardim Vasco Da Gama",
        "street": "Rua Dr Josivalter Vilanova",
        "zipcode": "85862-707"
    },
    {
        "city": "Foz Do Iguacu",
        "state": "PR",
        "district": "Vila Brasilia",
        "street": "Travessa Joaquim Nabuco",
        "zipcode": "85864-206"
    },
    {
        "city": "Foz Do Iguacu",
        "state": "PR",
        "district": "Tres Lagoas",
        "street": "Rua Camorim",
        "zipcode": "85862-568"
    },
    {
        "city": "Foz Do Iguacu",
        "state": "PR",
        "district": "Jardim California",
        "street": "Rua Basilio Jacick",
        "zipcode": "85867-477"
    },
    {
        "city": "Foz Do Iguacu",
        "state": "PR",
        "district": "Loteamento Menger",
        "street": "Rua Rodrigo De Freitas",
        "zipcode": "85862-619"
    },
    {
        "city": "Foz Do Iguacu",
        "state": "PR",
        "district": "Parque Morumbi Ii",
        "street": "Rua Belmiro",
        "zipcode": "85858-395"
    },
    {
        "city": "Foz Do Iguacu",
        "state": "PR",
        "district": "Vila Carima",
        "street": "Rua Fenix",
        "zipcode": "85854-686"
    },
    {
        "city": "Foz Do Iguacu",
        "state": "PR",
        "district": "Vila Carima",
        "street": "Rua Atalaia",
        "zipcode": "85854-715"
    },
    {
        "city": "Foz Do Iguacu",
        "state": "PR",
        "district": "Vila Carima",
        "street": "Beco Porecatu",
        "zipcode": "85854-696"
    },
    {
        "city": "Foz Do Iguacu",
        "state": "PR",
        "district": "Jardim Quinta Do Sol",
        "street": "Rua Sinamomo",
        "zipcode": "85853-150"
    },
    {
        "city": "Foz Do Iguacu",
        "state": "PR",
        "district": "Jardim Quinta Do Sol",
        "street": "Rua Coqueiro",
        "zipcode": "85853-160"
    },
    {
        "city": "Foz Do Iguacu",
        "state": "PR",
        "district": "Jardim Panorama",
        "street": "Rua Nelson Jose Spies",
        "zipcode": "85856-597"
    },
    {
        "city": "Foz Do Iguacu",
        "state": "PR",
        "district": "Vila Adriana",
        "street": "Rua Das Hortensias",
        "zipcode": "85854-260"
    },
    {
        "city": "Foz Do Iguacu",
        "state": "PR",
        "district": "Vila Carima",
        "street": "Rua Itambe",
        "zipcode": "85854-688"
    },
    {
        "city": "Foz Do Iguacu",
        "state": "PR",
        "district": "Jardim Santa Rita",
        "street": "Rua Jose Bernardi Filho",
        "zipcode": "85862-539"
    },
    {
        "city": "Foz Do Iguacu",
        "state": "PR",
        "district": "Vila Carima",
        "street": "Rua Arapua",
        "zipcode": "85854-716"
    },
    {
        "city": "Foz Do Iguacu",
        "state": "PR",
        "district": "Parque Ouro Verde",
        "street": "Travessa Fidelis Rangel Batista",
        "zipcode": "85854-060"
    },
    {
        "city": "Foz Do Iguacu",
        "state": "PR",
        "district": "Centro",
        "street": "Praça Almirante Tamandare",
        "zipcode": "85851-330"
    },
    {
        "city": "Foz Do Iguacu",
        "state": "PR",
        "district": "Vila Carima",
        "street": "Rua Ubirata",
        "zipcode": "85854-690"
    },
    {
        "city": "Foz Do Iguacu",
        "state": "PR",
        "district": "Jardim Oriente",
        "street": "Rua Paulo Schertner",
        "zipcode": "85855-590"
    },
    {
        "city": "Foz Do Iguacu",
        "state": "PR",
        "district": "Vila Carima",
        "street": "Beco Jataizinho",
        "zipcode": "85854-707"
    },
    {
        "city": "Foz Do Iguacu",
        "state": "PR",
        "district": "Vila Boa Esperanca",
        "street": "Travessa Deoclecio Barbosa Portinho",
        "zipcode": "85854-020"
    },
    {
        "city": "Foz Do Iguacu",
        "state": "PR",
        "district": "Vila Carima",
        "street": "Travessa Maua",
        "zipcode": "85854-706"
    },
    {
        "city": "Foz Do Iguacu",
        "state": "PR",
        "district": "Vila Carima",
        "street": "Travessa Ceu Azul",
        "zipcode": "85854-675"
    },
    {
        "city": "Foz Do Iguacu",
        "state": "PR",
        "district": "Vila Carima",
        "street": "Rua Indianopolis",
        "zipcode": "85854-705"
    },
    {
        "city": "Foz Do Iguacu",
        "state": "PR",
        "district": "Vila Carima",
        "street": "Rua Floresta",
        "zipcode": "85854-680"
    },
    {
        "city": "Foz Do Iguacu",
        "state": "PR",
        "district": "Jardim Joao Paulo Ii",
        "street": "Rua Acui",
        "zipcode": "85857-760"
    },
    {
        "city": "Foz Do Iguacu",
        "state": "PR",
        "district": "Vila Carima",
        "street": "Beco Penha",
        "zipcode": "85854-698"
    },
    {
        "city": "Foz Do Iguacu",
        "state": "PR",
        "district": "Vila Carima",
        "street": "Beco Rio Azul",
        "zipcode": "85854-695"
    },
    {
        "city": "Foz Do Iguacu",
        "state": "PR",
        "district": "Jardim Sao Paulo I",
        "street": "Rua Menotti Del Picchia",
        "zipcode": "85856-355"
    },
    {
        "city": "Foz Do Iguacu",
        "state": "PR",
        "district": "Vila Carima",
        "street": "Beco Ipora",
        "zipcode": "85854-685"
    },
    {
        "city": "Foz Do Iguacu",
        "state": "PR",
        "district": "Jardim Central",
        "street": "Rua Ariano Suassuna",
        "zipcode": "85864-540"
    },
    {
        "city": "Foz Do Iguacu",
        "state": "PR",
        "district": "Jardim Vale Do Sol",
        "street": "Rua Ibema",
        "zipcode": "85862-657"
    },
    {
        "city": "Foz Do Iguacu",
        "state": "PR",
        "district": "Jardim Vale Do Sol",
        "street": "Rua Sulinas",
        "zipcode": "85862-667"
    },
    {
        "city": "Foz Do Iguacu",
        "state": "PR",
        "district": "Jardim Vasco Da Gama",
        "street": "Travessa Irai",
        "zipcode": "85862-717"
    },
    {
        "city": "Foz Do Iguacu",
        "state": "PR",
        "district": "Parque Presidente Ii",
        "street": "Avenida Olimpio Rafagnin",
        "zipcode": "85863-645"
    },
    {
        "city": "Foz Do Iguacu",
        "state": "PR",
        "district": "Jardim Bandeirantes",
        "street": "Rua Donato Colombelli",
        "zipcode": "85862-578"
    },
    {
        "city": "Foz Do Iguacu",
        "state": "PR",
        "district": "Jardim California",
        "street": "Rua Silmar Edson Rauber",
        "zipcode": "85867-470"
    },
    {
        "city": "Foz Do Iguacu",
        "state": "PR",
        "district": "Conj Residencial Grauna",
        "street": "Rua Henrique Gelere",
        "zipcode": "85862-629"
    },
    {
        "city": "Foz Do Iguacu",
        "state": "PR",
        "district": "Loteamento Witt",
        "street": "Rua Mariano Camilo Paganotto",
        "zipcode": "85862-598"
    },
    {
        "city": "Foz Do Iguacu",
        "state": "PR",
        "district": "Jardim California",
        "street": "Rua Bernardo Lemmertz",
        "zipcode": "85867-476"
    },
    {
        "city": "Foz Do Iguacu",
        "state": "PR",
        "district": "Novo Mundo",
        "street": "Rua Rosita Ortiz",
        "zipcode": "85862-557"
    },
    {
        "city": "Foz Do Iguacu",
        "state": "PR",
        "district": "Conj A",
        "street": "Alameda Bicudo",
        "zipcode": "85866-530"
    },
    {
        "city": "Foz Do Iguacu",
        "state": "PR",
        "district": "Jardim Vasco Da Gama",
        "street": "Travessa Iaras",
        "zipcode": "85862-716"
    },
    {
        "city": "Foz Do Iguacu",
        "state": "PR",
        "district": "Parque Residencial Tres Bandeiras",
        "street": "Rua Milton Da Costa",
        "zipcode": "85862-509"
    },
    {
        "city": "Foz Do Iguacu",
        "state": "PR",
        "district": "Tres Lagoas",
        "street": "Rua Juparana",
        "zipcode": "85862-569"
    },
    {
        "city": "Foz Do Iguacu",
        "state": "PR",
        "district": "Jardim Irma",
        "street": "Rua Zacaria Vitalino Da Silva",
        "zipcode": "85867-479"
    },
    {
        "city": "Foz Do Iguacu",
        "state": "PR",
        "district": "Jardim Vasco Da Gama",
        "street": "Rua Itabaiana",
        "zipcode": "85862-718"
    },
    {
        "city": "Foz Do Iguacu",
        "state": "PR",
        "district": "Jardim Ipanema",
        "street": "Rua Barra Verde",
        "zipcode": "85862-696"
    },
    {
        "city": "Foz Do Iguacu",
        "state": "PR",
        "district": "Jardim Ipanema",
        "street": "Rua Canela",
        "zipcode": "85862-698"
    },
    {
        "city": "Foz Do Iguacu",
        "state": "PR",
        "district": "Jardim Bandeirantes",
        "street": "Rua Valdomiro Faremberger",
        "zipcode": "85862-656"
    },
    {
        "city": "Foz Do Iguacu",
        "state": "PR",
        "district": "Jardim Jupira",
        "street": "Rua Francisco Taube",
        "zipcode": "85865-266"
    },
    {
        "city": "Foz Do Iguacu",
        "state": "PR",
        "district": "Loteamento Witt",
        "street": "Rua Roberto Olmeda",
        "zipcode": "85862-605"
    },
    {
        "city": "Foz Do Iguacu",
        "state": "PR",
        "district": "Conj Habit Fernanda",
        "street": "Rua Joao Batista De Oliveira",
        "zipcode": "85862-625"
    },
    {
        "city": "Foz Do Iguacu",
        "state": "PR",
        "district": "Jardim Belvedere Ii",
        "street": "Travessa California",
        "zipcode": "85867-626"
    },
    {
        "city": "Foz Do Iguacu",
        "state": "PR",
        "district": "Vila Carima",
        "street": "Beco Pato Branco",
        "zipcode": "85854-700"
    },
    {
        "city": "Foz Do Iguacu",
        "state": "PR",
        "district": "Conj Residencial Sol De Maio",
        "street": "Avenida Pedro Welter",
        "zipcode": "85862-676"
    },
    {
        "city": "Foz Do Iguacu",
        "state": "PR",
        "district": "Jardim Porto Belo",
        "street": "Rua Mauro Dotto",
        "zipcode": "85867-627"
    },
    {
        "city": "Foz Do Iguacu",
        "state": "PR",
        "district": "Loteamento Menger",
        "street": "Rua Rio Verde",
        "zipcode": "85862-617"
    },
    {
        "city": "Foz Do Iguacu",
        "state": "PR",
        "district": "Jardim Vasco Da Gama",
        "street": "Rua Resende",
        "zipcode": "85862-727"
    },
    {
        "city": "Foz Do Iguacu",
        "state": "PR",
        "district": "Conj Habit Fernanda",
        "street": "Rua Jose Silverio De Oliveira",
        "zipcode": "85862-635"
    },
    {
        "city": "Foz Do Iguacu",
        "state": "PR",
        "district": "Jardim Bandeirantes",
        "street": "Rua Almeida Junior",
        "zipcode": "85862-655"
    },
    {
        "city": "Foz Do Iguacu",
        "state": "PR",
        "district": "Centro",
        "street": "Praça Terminal Rodoviario",
        "zipcode": "85864-005"
    },
    {
        "city": "Foz Do Iguacu",
        "state": "PR",
        "district": "Conj Habit Fernanda",
        "street": "Rua Joao Camargo",
        "zipcode": "85862-637"
    },
    {
        "city": "Foz Do Iguacu",
        "state": "PR",
        "district": "Jardim Itamaraty",
        "street": "Alameda Piratini",
        "zipcode": "85863-015"
    },
    {
        "city": "Foz Do Iguacu",
        "state": "PR",
        "district": "Jardim Ipanema",
        "street": "Rua Gruta",
        "zipcode": "85862-705"
    },
    {
        "city": "Foz Do Iguacu",
        "state": "PR",
        "district": "Jardim Bandeirantes",
        "street": "Rua Celso Fagundes",
        "zipcode": "85862-579"
    },
    {
        "city": "Foz Do Iguacu",
        "state": "PR",
        "district": "Jardim Vale Do Sol",
        "street": "Rua Volta Redonda",
        "zipcode": "85862-670"
    },
    {
        "city": "Foz Do Iguacu",
        "state": "PR",
        "district": "Jardim Copacabana Ii",
        "street": "Avenida Aroldo Esteves De Souza",
        "zipcode": "85856-510"
    },
    {
        "city": "Foz Do Iguacu",
        "state": "PR",
        "district": "Conj A",
        "street": "Avenida Clovis Roberto Fontoura",
        "zipcode": "85866-520"
    },
    {
        "city": "Foz Do Iguacu",
        "state": "PR",
        "district": "Jardim Panorama",
        "street": "Rua Aureo Syng",
        "zipcode": "85856-596"
    },
    {
        "city": "Foz Do Iguacu",
        "state": "PR",
        "district": "Jardim Alice",
        "street": "Avenida Dobrandino Gustavo Da Silva",
        "zipcode": "85863-005"
    },
    {
        "city": "Foz Do Iguacu",
        "state": "PR",
        "district": "Vila Carima",
        "street": "Rua Bituruna",
        "zipcode": "85854-677"
    },
    {
        "city": "Foz Do Iguacu",
        "state": "PR",
        "district": "Jardim California",
        "street": "Rua Arlindo Barcelo Dos Santos",
        "zipcode": "85867-478"
    },
    {
        "city": "Foz Do Iguacu",
        "state": "PR",
        "district": "Novo Mundo",
        "street": "Rua Saturnino Rolon",
        "zipcode": "85862-556"
    },
    {
        "city": "Foz Do Iguacu",
        "state": "PR",
        "district": "Loteamento Witt",
        "street": "Rua Juraci Poso",
        "zipcode": "85862-596"
    },
    {
        "city": "Foz Do Iguacu",
        "state": "PR",
        "district": "Jardim Belvedere Ii",
        "street": "Rua Cachoeira",
        "zipcode": "85867-609"
    },
    {
        "city": "Foz Do Iguacu",
        "state": "PR",
        "district": "Jardim Vasco Da Gama",
        "street": "Travessa Gama",
        "zipcode": "85862-715"
    },
    {
        "city": "Foz Do Iguacu",
        "state": "PR",
        "district": "Jardim Vale Do Sol",
        "street": "Rua Passo Da Ilha",
        "zipcode": "85862-665"
    },
    {
        "city": "Foz Do Iguacu",
        "state": "PR",
        "district": "Loteamento Paraguacu",
        "street": "Rua Santo Rafagnin",
        "zipcode": "85865-440"
    },
    {
        "city": "Foz Do Iguacu",
        "state": "PR",
        "district": "Jardim Ipanema",
        "street": "Rua Diadema Do Sul",
        "zipcode": "85862-699"
    },
    {
        "city": "Foz Do Iguacu",
        "state": "PR",
        "district": "Jardim Vasco Da Gama",
        "street": "Rua Jaboti",
        "zipcode": "85862-719"
    },
    {
        "city": "Foz Do Iguacu",
        "state": "PR",
        "district": "Conj Residencial Sol De Maio",
        "street": "Rua Manoel Maria Armona",
        "zipcode": "85862-685"
    },
    {
        "city": "Foz Do Iguacu",
        "state": "PR",
        "district": "Jardim Ipanema",
        "street": "Rua Ampere",
        "zipcode": "85862-695"
    },
    {
        "city": "Foz Do Iguacu",
        "state": "PR",
        "district": "Jardim Itaipu",
        "street": "Rua Castanheira",
        "zipcode": "85867-330"
    },
    {
        "city": "Foz Do Iguacu",
        "state": "PR",
        "district": "Conj A",
        "street": "Alameda Acaua",
        "zipcode": "85866-510"
    },
    {
        "city": "Foz Do Iguacu",
        "state": "PR",
        "district": "Jardim Karla",
        "street": "Alameda Teresina",
        "zipcode": "85868-076"
    },
    {
        "city": "Foz Do Iguacu",
        "state": "PR",
        "district": "Conj C",
        "street": "Rua G (Vila C)",
        "zipcode": "85870-399"
    },
    {
        "city": "Foz Do Iguacu",
        "state": "PR",
        "district": "Conj C",
        "street": "Rua P (Vila C)",
        "zipcode": "85870-415"
    },
    {
        "city": "Foz Do Iguacu",
        "state": "PR",
        "district": "Conj C",
        "street": "Rua F (Vila C)",
        "zipcode": "85870-398"
    },
    {
        "city": "Foz Do Iguacu",
        "state": "PR",
        "district": "Vila Sao Sebastiao",
        "street": "Rua Horacio Soares Trindade",
        "zipcode": "85870-475"
    },
    {
        "city": "Foz Do Iguacu",
        "state": "PR",
        "district": "Parque Morumbi Ii",
        "street": "Rua Tenente Eduardo Olmedo",
        "zipcode": "85859-165"
    },
    {
        "city": "Foz Do Iguacu",
        "state": "PR",
        "district": "Jardim Das Laranjeiras",
        "street": "Rua Jaqueira",
        "zipcode": "85868-270"
    },
    {
        "city": "Foz Do Iguacu",
        "state": "PR",
        "district": "Loteamento Menger",
        "street": "Rua Cabralia",
        "zipcode": "85862-609"
    },
    {
        "city": "Foz Do Iguacu",
        "state": "PR",
        "district": "Novo Mundo",
        "street": "Rua Taubate",
        "zipcode": "85862-735"
    },
    {
        "city": "Foz Do Iguacu",
        "state": "PR",
        "district": "Jardim Vale Do Sol",
        "street": "Rua Mercedes",
        "zipcode": "85862-659"
    },
    {
        "city": "Foz Do Iguacu",
        "state": "PR",
        "district": "Jardim Polo Centro",
        "street": "Rua Rosa Cirilo De Castro",
        "zipcode": "85863-736"
    },
    {
        "city": "Foz Do Iguacu",
        "state": "PR",
        "district": "Conj Residencial Grauna",
        "street": "Rua Carlos Matias A. Becker",
        "zipcode": "85862-627"
    },
    {
        "city": "Foz Do Iguacu",
        "state": "PR",
        "district": "Vila Carima",
        "street": "Rua Pirapo",
        "zipcode": "85854-697"
    },
    {
        "city": "Foz Do Iguacu",
        "state": "PR",
        "district": "Jardim Quinta Do Sol",
        "street": "Rua Palmeira",
        "zipcode": "85853-140"
    },
    {
        "city": "Foz Do Iguacu",
        "state": "PR",
        "district": "Parque Ouro Verde",
        "street": "Rua Pero Vaz De Caminha",
        "zipcode": "85855-660"
    },
    {
        "city": "Foz Do Iguacu",
        "state": "PR",
        "district": "Conj Residencial Sol De Maio",
        "street": "Avenida Alfredo Vale De Oliveira",
        "zipcode": "85862-678"
    },
    {
        "city": "Foz Do Iguacu",
        "state": "PR",
        "district": "Vila Carima",
        "street": "Beco Morretes",
        "zipcode": "85854-708"
    },
    {
        "city": "Foz Do Iguacu",
        "state": "PR",
        "district": "Novo Mundo",
        "street": "Rua Antonio Maran",
        "zipcode": "85862-558"
    },
    {
        "city": "Foz Do Iguacu",
        "state": "PR",
        "district": "Jardim Jupira",
        "street": "Rua Roberto Oliveira",
        "zipcode": "85865-385"
    },
    {
        "city": "Foz Do Iguacu",
        "state": "PR",
        "district": "Loteamento Witt",
        "street": "Rua Leonardo Almeida",
        "zipcode": "85862-597"
    },
    {
        "city": "Foz Do Iguacu",
        "state": "PR",
        "district": "Jardim Belvedere I",
        "street": "Travessa Tapejara",
        "zipcode": "85867-466"
    },
    {
        "city": "Foz Do Iguacu",
        "state": "PR",
        "district": "Parque Presidente",
        "street": "Rua Manoel Vicente Pereira",
        "zipcode": "85863-295"
    },
    {
        "city": "Foz Do Iguacu",
        "state": "PR",
        "district": "Loteamento Witt",
        "street": "Rua Nicolau Stapiuck",
        "zipcode": "85862-599"
    },
    {
        "city": "Foz Do Iguacu",
        "state": "PR",
        "district": "Vila Sao Sebastiao",
        "street": "Rua Pedro Rolon",
        "zipcode": "85870-476"
    },
    {
        "city": "Foz Do Iguacu",
        "state": "PR",
        "district": "Vila Carima",
        "street": "Rua Entre Rios",
        "zipcode": "85854-687"
    },
    {
        "city": "Foz Do Iguacu",
        "state": "PR",
        "district": "Jardim Belvedere Ii",
        "street": "Travessa Abatia",
        "zipcode": "85867-605"
    },
    {
        "city": "Foz Do Iguacu",
        "state": "PR",
        "district": "Vila Shalon",
        "street": "Rua Luiz D`agner",
        "zipcode": "85854-290"
    }
]