[
    {
        "city": "Duque De Caxias",
        "state": "RJ",
        "district": "Jardim Vinte E Cinco De Agosto",
        "street": "Rua Minas Gerais",
        "zipcode": "25075-040"
    },
    {
        "city": "Duque De Caxias",
        "state": "RJ",
        "district": "Vila Santa Cruz",
        "street": "Estrada Da Ponte",
        "zipcode": "25260-070"
    },
    {
        "city": "Duque De Caxias",
        "state": "RJ",
        "district": "Vila Centenario",
        "street": "Rua Joao Francisco De Assis",
        "zipcode": "25025-020"
    },
    {
        "city": "Duque De Caxias",
        "state": "RJ",
        "district": "Jardim Lider",
        "street": "Rua Vicente Celestino",
        "zipcode": "25220-020"
    },
    {
        "city": "Duque De Caxias",
        "state": "RJ",
        "district": "Vila Sao Luis",
        "street": "Rua Olegario Mariano",
        "zipcode": "25065-180"
    },
    {
        "city": "Duque De Caxias",
        "state": "RJ",
        "district": "Vila Sao Luis",
        "street": "Rua Silva Jardim",
        "zipcode": "25065-141"
    },
    {
        "city": "Duque De Caxias",
        "state": "RJ",
        "district": "Vila Sao Luis",
        "street": "Rua Prudente De Morais",
        "zipcode": "25065-245"
    },
    {
        "city": "Duque De Caxias",
        "state": "RJ",
        "district": "Taquara",
        "street": "Rua Cinco",
        "zipcode": "25270-145"
    },
    {
        "city": "Duque De Caxias",
        "state": "RJ",
        "district": "Vila Sao Luis",
        "street": "Rodovia Br",
        "zipcode": "25055-007"
    },
    {
        "city": "Duque De Caxias",
        "state": "RJ",
        "district": "Jardim Anhanga",
        "street": "Rua Vinte E Sete",
        "zipcode": "25265-315"
    },
    {
        "city": "Duque De Caxias",
        "state": "RJ",
        "district": "Gracas",
        "street": "Avenida Presidente Kennedy",
        "zipcode": "25045-000"
    },
    {
        "city": "Duque De Caxias",
        "state": "RJ",
        "district": "Centro",
        "street": "Avenida Nilo Pecanha",
        "zipcode": "25010-140"
    },
    {
        "city": "Duque De Caxias",
        "state": "RJ",
        "district": "Centro",
        "street": "Avenida Nilo Pecanha",
        "zipcode": "25010-141"
    },
    {
        "city": "Duque De Caxias",
        "state": "RJ",
        "district": "Engenho Do Porto",
        "street": "Avenida Henrique Valadares",
        "zipcode": "25015-300"
    },
    {
        "city": "Duque De Caxias",
        "state": "RJ",
        "district": "Jardim Olavo Bilac",
        "street": "Rua Recife",
        "zipcode": "25025-580"
    },
    {
        "city": "Duque De Caxias",
        "state": "RJ",
        "district": "Jardim Gramacho",
        "street": "Avenida Pelotas",
        "zipcode": "25050-500"
    },
    {
        "city": "Duque De Caxias",
        "state": "RJ",
        "district": "Jardim Gramacho",
        "street": "Avenida Pistoia",
        "zipcode": "25051-280"
    },
    {
        "city": "Duque De Caxias",
        "state": "RJ",
        "district": "Jardim Gramacho",
        "street": "Avenida Pelotas",
        "zipcode": "25055-190"
    },
    {
        "city": "Duque De Caxias",
        "state": "RJ",
        "district": "Parque Felicidade",
        "street": "Rua Gastao Reis",
        "zipcode": "25080-720"
    },
    {
        "city": "Duque De Caxias",
        "state": "RJ",
        "district": "Parque Duque De Caxias",
        "street": "Avenida Brigadeiro Lima E Silva",
        "zipcode": "25085-130"
    },
    {
        "city": "Duque De Caxias",
        "state": "RJ",
        "district": "Parque Lafaiete",
        "street": "Avenida Manuel Duarte",
        "zipcode": "25015-330"
    },
    {
        "city": "Duque De Caxias",
        "state": "RJ",
        "district": "Gramacho",
        "street": "Avenida Presidente Kennedy",
        "zipcode": "25040-000"
    },
    {
        "city": "Duque De Caxias",
        "state": "RJ",
        "district": "Vila Sao Luis",
        "street": "Rua Senador Jose Kairala",
        "zipcode": "25065-015"
    },
    {
        "city": "Duque De Caxias",
        "state": "RJ",
        "district": "Jardim Olavo Bilac",
        "street": "Rua Amador Bueno",
        "zipcode": "25020-330"
    },
    {
        "city": "Duque De Caxias",
        "state": "RJ",
        "district": "Sao Bento",
        "street": "Estrada Do China",
        "zipcode": "25045-660"
    },
    {
        "city": "Duque De Caxias",
        "state": "RJ",
        "district": "Vila Sao Luis",
        "street": "Rodovia Br",
        "zipcode": "25065-000"
    },
    {
        "city": "Duque De Caxias",
        "state": "RJ",
        "district": "Jardim Primeiro De Maio",
        "street": "Rua Alzira Da Fonseca",
        "zipcode": "25045-670"
    },
    {
        "city": "Duque De Caxias",
        "state": "RJ",
        "district": "Vila Itamarati",
        "street": "Avenida Presidente Tancredo Neves",
        "zipcode": "25070-095"
    },
    {
        "city": "Duque De Caxias",
        "state": "RJ",
        "district": "Vila Sao Luis",
        "street": "Rua Martins Pena",
        "zipcode": "25065-130"
    },
    {
        "city": "Duque De Caxias",
        "state": "RJ",
        "district": "Vila Sao Luis",
        "street": "Rodovia Br",
        "zipcode": "25065-001"
    },
    {
        "city": "Duque De Caxias",
        "state": "RJ",
        "district": "Jardim Vinte E Cinco De Agosto",
        "street": "Rua Mariz E Barros",
        "zipcode": "25075-280"
    },
    {
        "city": "Duque De Caxias",
        "state": "RJ",
        "district": "Parque Lafaiete",
        "street": "Rua Ramiz Galvao",
        "zipcode": "25025-125"
    },
    {
        "city": "Duque De Caxias",
        "state": "RJ",
        "district": "Parque Lafaiete",
        "street": "Rua Ramiz Galvao",
        "zipcode": "25015-310"
    },
    {
        "city": "Duque De Caxias",
        "state": "RJ",
        "district": "Parque Beira Mar",
        "street": "Rua Alberto De Oliveira",
        "zipcode": "25085-260"
    },
    {
        "city": "Duque De Caxias",
        "state": "RJ",
        "district": "Vila Itamarati",
        "street": "Rua Prudente De Moraes",
        "zipcode": "25070-231"
    },
    {
        "city": "Duque De Caxias",
        "state": "RJ",
        "district": "Parque Lafaiete",
        "street": "Rua Prefeito Ribeiro",
        "zipcode": "25025-140"
    },
    {
        "city": "Duque De Caxias",
        "state": "RJ",
        "district": "Jardim Vinte E Cinco De Agosto",
        "street": "Rua Minas Gerais",
        "zipcode": "25071-110"
    },
    {
        "city": "Duque De Caxias",
        "state": "RJ",
        "district": "Vila Guanabara",
        "street": "Rua Quatorze De Julho",
        "zipcode": "25080-400"
    },
    {
        "city": "Duque De Caxias",
        "state": "RJ",
        "district": "Vila Sao Luis",
        "street": "Rodovia Br",
        "zipcode": "25065-002"
    },
    {
        "city": "Duque De Caxias",
        "state": "RJ",
        "district": "Vila Centenario",
        "street": "Rua Carlos Maximiliano",
        "zipcode": "25025-040"
    },
    {
        "city": "Duque De Caxias",
        "state": "RJ",
        "district": "Parque Lafaiete",
        "street": "Rua Prefeito Ribeiro",
        "zipcode": "25015-325"
    },
    {
        "city": "Duque De Caxias",
        "state": "RJ",
        "district": "Vila Leopoldina",
        "street": "Avenida Presidente Kennedy",
        "zipcode": "25035-006"
    },
    {
        "city": "Duque De Caxias",
        "state": "RJ",
        "district": "Vila Sao Luis",
        "street": "Rua Martins Pena",
        "zipcode": "25086-130"
    },
    {
        "city": "Duque De Caxias",
        "state": "RJ",
        "district": "Vila Itamarati",
        "street": "Rua Prudente De Moraes",
        "zipcode": "25070-230"
    },
    {
        "city": "Duque De Caxias",
        "state": "RJ",
        "district": "Jardim Vinte E Cinco De Agosto",
        "street": "Rua Marques De Herval",
        "zipcode": "25071-200"
    },
    {
        "city": "Duque De Caxias",
        "state": "RJ",
        "district": "Vila Sao Luis",
        "street": "Avenida Brasil",
        "zipcode": "25065-170"
    },
    {
        "city": "Duque De Caxias",
        "state": "RJ",
        "district": "Parque Duque De Caxias",
        "street": "Rodovia Br",
        "zipcode": "25085-000"
    },
    {
        "city": "Duque De Caxias",
        "state": "RJ",
        "district": "Jardim Vinte E Cinco De Agosto",
        "street": "Avenida Brigadeiro Lima E Silva",
        "zipcode": "25071-180"
    },
    {
        "city": "Duque De Caxias",
        "state": "RJ",
        "district": "Vila Sao Luis",
        "street": "Rua Senador Jose Kairala",
        "zipcode": "25086-010"
    },
    {
        "city": "Duque De Caxias",
        "state": "RJ",
        "district": "Centro",
        "street": "Avenida Presidente Kennedy",
        "zipcode": "25010-006"
    },
    {
        "city": "Duque De Caxias",
        "state": "RJ",
        "district": "Carolina",
        "street": "Avenida Presidente Tancredo Neves",
        "zipcode": "25065-096"
    },
    {
        "city": "Duque De Caxias",
        "state": "RJ",
        "district": "Jardim Vinte E Cinco De Agosto",
        "street": "Rua Mariz E Barros",
        "zipcode": "25071-050"
    },
    {
        "city": "Duque De Caxias",
        "state": "RJ",
        "district": "Vila Cocota",
        "street": "Rua Catulo Cearense",
        "zipcode": "25266-290"
    },
    {
        "city": "Duque De Caxias",
        "state": "RJ",
        "district": "Vila Ema",
        "street": "Avenida Constancia",
        "zipcode": "25275-450"
    },
    {
        "city": "Duque De Caxias",
        "state": "RJ",
        "district": "Vila Actura",
        "street": "Rodovia Br",
        "zipcode": "25225-010"
    },
    {
        "city": "Duque De Caxias",
        "state": "RJ",
        "district": "Parque Equitativa",
        "street": "Rua Marques Lafaiete",
        "zipcode": "25260-370"
    },
    {
        "city": "Duque De Caxias",
        "state": "RJ",
        "district": "Vila Angelica",
        "street": "Rua Gago Coutinho",
        "zipcode": "25272-370"
    },
    {
        "city": "Duque De Caxias",
        "state": "RJ",
        "district": "Parque Equitativa",
        "street": "Rua Latino Coelho",
        "zipcode": "25260-500"
    },
    {
        "city": "Duque De Caxias",
        "state": "RJ",
        "district": "Chacaras Arcampo",
        "street": "Estrada Da Ponte",
        "zipcode": "25255-620"
    },
    {
        "city": "Duque De Caxias",
        "state": "RJ",
        "district": "Jardim Rotsen",
        "street": "Rua Cinco",
        "zipcode": "25270-140"
    },
    {
        "city": "Duque De Caxias",
        "state": "RJ",
        "district": "Parque Santa Lucia",
        "street": "Rodovia Br",
        "zipcode": "25265-005"
    },
    {
        "city": "Duque De Caxias",
        "state": "RJ",
        "district": "Vila Sao Luis",
        "street": "Avenida Brasil",
        "zipcode": "25086-170"
    },
    {
        "city": "Duque De Caxias",
        "state": "RJ",
        "district": "Vila Sheila",
        "street": "Estrada Da Figueira",
        "zipcode": "25251-650"
    },
    {
        "city": "Duque De Caxias",
        "state": "RJ",
        "district": "Vila Maria Helena",
        "street": "Rua Geraldo Rocha",
        "zipcode": "25213-340"
    },
    {
        "city": "Duque De Caxias",
        "state": "RJ",
        "district": "Parque Equitativa",
        "street": "Rua P Almirante Tamandare",
        "zipcode": "25260-400"
    },
    {
        "city": "Duque De Caxias",
        "state": "RJ",
        "district": "Chacaras Rio",
        "street": "Rodovia Br",
        "zipcode": "25213-000"
    },
    {
        "city": "Duque De Caxias",
        "state": "RJ",
        "district": "Parque Santa Lucia",
        "street": "Rua Geraldo Rocha",
        "zipcode": "25251-310"
    },
    {
        "city": "Duque De Caxias",
        "state": "RJ",
        "district": "Chacaras Rio",
        "street": "Rodovia Br",
        "zipcode": "25230-000"
    },
    {
        "city": "Duque De Caxias",
        "state": "RJ",
        "district": "Chacaras Rio",
        "street": "Estrada Das Figueiras",
        "zipcode": "25243-210"
    },
    {
        "city": "Duque De Caxias",
        "state": "RJ",
        "district": "Jardim Anhanga",
        "street": "Rua Jj",
        "zipcode": "25264-620"
    },
    {
        "city": "Duque De Caxias",
        "state": "RJ",
        "district": "Vila Ema",
        "street": "Rua Catulo Cearense",
        "zipcode": "25266-180"
    },
    {
        "city": "Duque De Caxias",
        "state": "RJ",
        "district": "Vila Sao Luis",
        "street": "Rua Silva Jardim",
        "zipcode": "25086-140"
    },
    {
        "city": "Duque De Caxias",
        "state": "RJ",
        "district": "Parque Lafaiete",
        "street": "Avenida Henrique Valadares",
        "zipcode": "25010-300"
    },
    {
        "city": "Duque De Caxias",
        "state": "RJ",
        "district": "Parque Lafaiete",
        "street": "Avenida Henrique Valadares",
        "zipcode": "25025-100"
    },
    {
        "city": "Duque De Caxias",
        "state": "RJ",
        "district": "Jardim Gramacho",
        "street": "Rua Anderson Ramos",
        "zipcode": "25056-410"
    },
    {
        "city": "Duque De Caxias",
        "state": "RJ",
        "district": "Jardim Gramacho",
        "street": "Avenida Pistoia",
        "zipcode": "25055-050"
    },
    {
        "city": "Duque De Caxias",
        "state": "RJ",
        "district": "Parque Duque De Caxias",
        "street": "Rodovia Washington Luiz",
        "zipcode": "25085-006"
    },
    {
        "city": "Duque De Caxias",
        "state": "RJ",
        "district": "Vila Centenario",
        "street": "Travessa Fernao Dias",
        "zipcode": "25025-030"
    },
    {
        "city": "Duque De Caxias",
        "state": "RJ",
        "district": "Parque Pauliceia",
        "street": "Rua Gastao Reis",
        "zipcode": "25070-500"
    },
    {
        "city": "Duque De Caxias",
        "state": "RJ",
        "district": "Jardim Balneario Ana Clara",
        "street": "Avenida Leib Rubim",
        "zipcode": "25221-390"
    },
    {
        "city": "Duque De Caxias",
        "state": "RJ",
        "district": "Centro",
        "street": "Avenida Presidente Kennedy",
        "zipcode": "25020-000"
    },
    {
        "city": "Duque De Caxias",
        "state": "RJ",
        "district": "Jardim Vinte E Cinco De Agosto",
        "street": "Rua Marques De Herval",
        "zipcode": "25075-140"
    },
    {
        "city": "Duque De Caxias",
        "state": "RJ",
        "district": "Jardim Primeiro De Maio",
        "street": "Praça Jorge Pinheiro",
        "zipcode": "25045-770"
    },
    {
        "city": "Duque De Caxias",
        "state": "RJ",
        "district": "Centro",
        "street": "Avenida Presidente Kennedy",
        "zipcode": "25030-000"
    },
    {
        "city": "Duque De Caxias",
        "state": "RJ",
        "district": "Parque Eldorado",
        "street": "Rodovia Br",
        "zipcode": "25240-000"
    },
    {
        "city": "Duque De Caxias",
        "state": "RJ",
        "district": "Centro",
        "street": "Avenida Presidente Kennedy",
        "zipcode": "25010-001"
    },
    {
        "city": "Duque De Caxias",
        "state": "RJ",
        "district": "Vila Sao Luis",
        "street": "Rua Olegario Mariano",
        "zipcode": "25065-185"
    },
    {
        "city": "Duque De Caxias",
        "state": "RJ",
        "district": "Parque Santa Marta",
        "street": "Rua Alberto De Oliveira",
        "zipcode": "25086-261"
    },
    {
        "city": "Duque De Caxias",
        "state": "RJ",
        "district": "Vila Sao Luis",
        "street": "Rua Quatorze De Julho",
        "zipcode": "25065-060"
    }
]