[
    {
        "city": "Itaguai",
        "state": "RJ",
        "district": "Cidade Industrial",
        "street": "Rua Marques De Valenca",
        "zipcode": "23836-470"
    },
    {
        "city": "Itaguai",
        "state": "RJ",
        "district": "Fazenda Caxias",
        "street": "Rua Jose Ones Pires Moreira",
        "zipcode": "23835-350"
    },
    {
        "city": "Itaguai",
        "state": "RJ",
        "district": "Seropedica",
        "street": "Rua Ligacao",
        "zipcode": "23850-130"
    },
    {
        "city": "Itaguai",
        "state": "RJ",
        "district": "Chapero",
        "street": "Rua Das Camelias",
        "zipcode": "23812-340"
    },
    {
        "city": "Itaguai",
        "state": "RJ",
        "district": "Parque Campo Lindo",
        "street": "Rua Engenheiro Konrad D Dor",
        "zipcode": "23845-440"
    },
    {
        "city": "Itaguai",
        "state": "RJ",
        "district": "Aguas Lindas",
        "street": "Rua Jose Graca Leite",
        "zipcode": "23836-370"
    },
    {
        "city": "Itaguai",
        "state": "RJ",
        "district": "Parque Sao Jorge",
        "street": "Rua Sebastiao De Oliveira Silva",
        "zipcode": "23845-350"
    },
    {
        "city": "Itaguai",
        "state": "RJ",
        "district": "Parque Dom Bosco",
        "street": "Rua Jose Eleuterio",
        "zipcode": "23845-190"
    },
    {
        "city": "Itaguai",
        "state": "RJ",
        "district": "Centro",
        "street": "Rua Dr Jose Roberto Freire",
        "zipcode": "23815-201"
    },
    {
        "city": "Itaguai",
        "state": "RJ",
        "district": "Piranema",
        "street": "Praça Manoel Pereira",
        "zipcode": "23855-040"
    },
    {
        "city": "Itaguai",
        "state": "RJ",
        "district": "Parque Jocimar",
        "street": "Rua Maria Da Conceicao Silva",
        "zipcode": "23850-490"
    },
    {
        "city": "Itaguai",
        "state": "RJ",
        "district": "Fazenda Caxias",
        "street": "Rua Vereador Jaime Azevedo",
        "zipcode": "23835-550"
    },
    {
        "city": "Itaguai",
        "state": "RJ",
        "district": "Parque Campo Lindo",
        "street": "Rua Jose Monteiro",
        "zipcode": "23845-540"
    },
    {
        "city": "Itaguai",
        "state": "RJ",
        "district": "Parque Dom Bosco",
        "street": "Estrada Rodolfo Anechino",
        "zipcode": "23845-670"
    },
    {
        "city": "Itaguai",
        "state": "RJ",
        "district": "Fazenda Caxias",
        "street": "Rua Albertina Rosa",
        "zipcode": "23835-000"
    },
    {
        "city": "Itaguai",
        "state": "RJ",
        "district": "Piranema",
        "street": "Rua Angelo Campos",
        "zipcode": "23855-290"
    },
    {
        "city": "Itaguai",
        "state": "RJ",
        "district": "Vila Sonia",
        "street": "Rua Jaime Martins Reis",
        "zipcode": "23836-290"
    },
    {
        "city": "Itaguai",
        "state": "RJ",
        "district": "Ibituporanga",
        "street": "Rua Prefeito Jose Maria De Brito",
        "zipcode": "23835-440"
    },
    {
        "city": "Itaguai",
        "state": "RJ",
        "district": "Ilha Da Madeira",
        "street": "Rua Bela Vista",
        "zipcode": "23821-320"
    },
    {
        "city": "Itaguai",
        "state": "RJ",
        "district": "Chapero",
        "street": "Rua Euclides Da Cunha",
        "zipcode": "23812-230"
    },
    {
        "city": "Itaguai",
        "state": "RJ",
        "district": "Piranema",
        "street": "Estrada Piranema",
        "zipcode": "23813-090"
    },
    {
        "city": "Itaguai",
        "state": "RJ",
        "district": "Centro",
        "street": "Estrada Ari Parreiras",
        "zipcode": "23815-540"
    },
    {
        "city": "Itaguai",
        "state": "RJ",
        "district": "Fazenda Caxias",
        "street": "Avenida Ministro Fernando Costa",
        "zipcode": "23835-302"
    },
    {
        "city": "Itaguai",
        "state": "RJ",
        "district": "Fazenda Caxias",
        "street": "Estrada Rio",
        "zipcode": "23835-405"
    },
    {
        "city": "Itaguai",
        "state": "RJ",
        "district": "Fazenda Caxias",
        "street": "Rua Benedito Rosa",
        "zipcode": "23835-070"
    },
    {
        "city": "Itaguai",
        "state": "RJ",
        "district": "Fazenda Caxias",
        "street": "Rua Bernarda Maria Conceicao",
        "zipcode": "23835-080"
    },
    {
        "city": "Itaguai",
        "state": "RJ",
        "district": "Ibituporanga",
        "street": "Rua Jaime Ramos",
        "zipcode": "23835-280"
    },
    {
        "city": "Itaguai",
        "state": "RJ",
        "district": "Fazenda Caxias",
        "street": "Rua Itamar De Sousa",
        "zipcode": "23835-270"
    },
    {
        "city": "Itaguai",
        "state": "RJ",
        "district": "Jardim America",
        "street": "Rodovia Br 101 De 06501 A 10499",
        "zipcode": "23810-010"
    },
    {
        "city": "Itaguai",
        "state": "RJ",
        "district": "Fazenda Caxias",
        "street": "Rua Dermeval Jose Da Silva",
        "zipcode": "23835-170"
    },
    {
        "city": "Itaguai",
        "state": "RJ",
        "district": "Ilha Da Madeira",
        "street": "Rua Deocleciano Procopio Da Silva",
        "zipcode": "23825-540"
    },
    {
        "city": "Itaguai",
        "state": "RJ",
        "district": "Ibituporanga",
        "street": "Rua Jose Maria De Brito",
        "zipcode": "23835-340"
    },
    {
        "city": "Itaguai",
        "state": "RJ",
        "district": "California",
        "street": "Rua Machado De Assis",
        "zipcode": "23810-180"
    },
    {
        "city": "Itaguai",
        "state": "RJ",
        "district": "Engenho",
        "street": "Rua Orlando Silva",
        "zipcode": "23820-540"
    },
    {
        "city": "Itaguai",
        "state": "RJ",
        "district": "Jardim America",
        "street": "Rua Brasil Sul",
        "zipcode": "23810-040"
    },
    {
        "city": "Itaguai",
        "state": "RJ",
        "district": "Centro",
        "street": "Rua Georgenio De Freitas Marins",
        "zipcode": "23815-320"
    },
    {
        "city": "Itaguai",
        "state": "RJ",
        "district": "Ilha Da Madeira",
        "street": "Rua Litoranea",
        "zipcode": "23826-670"
    },
    {
        "city": "Itaguai",
        "state": "RJ",
        "district": "Boa Esperanca",
        "street": "Avenida Bento Rodrigues Moia",
        "zipcode": "23835-690"
    },
    {
        "city": "Itaguai",
        "state": "RJ",
        "district": "Santa Candida",
        "street": "Rua Tamoios",
        "zipcode": "23822-080"
    },
    {
        "city": "Itaguai",
        "state": "RJ",
        "district": "Fonte Limpa",
        "street": "Estrada Gado",
        "zipcode": "23836-220"
    },
    {
        "city": "Itaguai",
        "state": "RJ",
        "district": "Fonte Limpa",
        "street": "Estrada Fonte Limpa",
        "zipcode": "23835-220"
    },
    {
        "city": "Itaguai",
        "state": "RJ",
        "district": "Parque Independencia",
        "street": "Rua Piaui",
        "zipcode": "23810-710"
    },
    {
        "city": "Itaguai",
        "state": "RJ",
        "district": "Fazenda Caxias",
        "street": "Rua Delegacia",
        "zipcode": "23835-150"
    },
    {
        "city": "Itaguai",
        "state": "RJ",
        "district": "Aguas Lindas",
        "street": "Estrada Aguas Lindas",
        "zipcode": "23835-580"
    },
    {
        "city": "Itaguai",
        "state": "RJ",
        "district": "Fazenda Caxias",
        "street": "Rua Euclides Pereira",
        "zipcode": "23835-190"
    },
    {
        "city": "Itaguai",
        "state": "RJ",
        "district": "Vila Margarida",
        "street": "Rua Honorio Dos Santos",
        "zipcode": "23822-175"
    },
    {
        "city": "Itaguai",
        "state": "RJ",
        "district": "Fazenda Caxias",
        "street": "Rua Maria Lourenco",
        "zipcode": "23835-390"
    },
    {
        "city": "Itaguai",
        "state": "RJ",
        "district": "Fazenda Caxias",
        "street": "Rua Vovo Romana",
        "zipcode": "23835-560"
    },
    {
        "city": "Itaguai",
        "state": "RJ",
        "district": "Boa Esperanca",
        "street": "Rua Alcino Mofato",
        "zipcode": "23835-590"
    },
    {
        "city": "Itaguai",
        "state": "RJ",
        "district": "Santa Sofia",
        "street": "Rua Almas",
        "zipcode": "23835-600"
    },
    {
        "city": "Itaguai",
        "state": "RJ",
        "district": "Fonte Limpa",
        "street": "Estrada Fonte Limpa",
        "zipcode": "23835-221"
    },
    {
        "city": "Itaguai",
        "state": "RJ",
        "district": "Santa Sofia",
        "street": "Rua Assembleia",
        "zipcode": "23835-640"
    },
    {
        "city": "Itaguai",
        "state": "RJ",
        "district": "Aguas Lindas",
        "street": "Rodovia Presidente Dutra",
        "zipcode": "23836-700"
    },
    {
        "city": "Itaguai",
        "state": "RJ",
        "district": "Centro",
        "street": "Rua Dr Curvelo Cavalcanti",
        "zipcode": "23815-290"
    },
    {
        "city": "Itaguai",
        "state": "RJ",
        "district": "Centro",
        "street": "Rua Dr Jose Roberto Freire",
        "zipcode": "23810-208"
    },
    {
        "city": "Itaguai",
        "state": "RJ",
        "district": "Fazenda Caxias",
        "street": "Rua Jarsis E Paula",
        "zipcode": "23835-290"
    },
    {
        "city": "Itaguai",
        "state": "RJ",
        "district": "Vila Ibirapitanga",
        "street": "Rua Jose Moraes Dias",
        "zipcode": "23810-205"
    },
    {
        "city": "Itaguai",
        "state": "RJ",
        "district": "California",
        "street": "Rua Glenio Pereira Cicarino",
        "zipcode": "23812-570"
    },
    {
        "city": "Itaguai",
        "state": "RJ",
        "district": "Jardim America",
        "street": "Estrada Piranema",
        "zipcode": "23810-303"
    },
    {
        "city": "Itaguai",
        "state": "RJ",
        "district": "Fazenda Caxias",
        "street": "Rua Floresta",
        "zipcode": "23835-210"
    },
    {
        "city": "Itaguai",
        "state": "RJ",
        "district": "Fazenda Caxias",
        "street": "Rua Isidro Borges",
        "zipcode": "23835-260"
    },
    {
        "city": "Itaguai",
        "state": "RJ",
        "district": "Brisa Mar",
        "street": "Rua Marrote",
        "zipcode": "23826-450"
    },
    {
        "city": "Itaguai",
        "state": "RJ",
        "district": "Ilha Da Madeira",
        "street": "Rua Esperanca",
        "zipcode": "23826-560"
    },
    {
        "city": "Itaguai",
        "state": "RJ",
        "district": "Coroa Grande",
        "street": "Avenida Nilo Pecanha",
        "zipcode": "23825-680"
    },
    {
        "city": "Itaguai",
        "state": "RJ",
        "district": "Ibituporanga",
        "street": "Rua Presidente Washington Luis",
        "zipcode": "23835-450"
    },
    {
        "city": "Itaguai",
        "state": "RJ",
        "district": "Brisa Mar",
        "street": "Rodovia Br",
        "zipcode": "23825-260"
    },
    {
        "city": "Itaguai",
        "state": "RJ",
        "district": "Fonte Limpa",
        "street": "Rua Ana Guedes Da Cruz",
        "zipcode": "23835-040"
    },
    {
        "city": "Itaguai",
        "state": "RJ",
        "district": "Seropedica",
        "street": "Rua Jairo Ramalho",
        "zipcode": "23836-150"
    },
    {
        "city": "Itaguai",
        "state": "RJ",
        "district": "Sao Miguel",
        "street": "Rua Imperador",
        "zipcode": "23836-250"
    },
    {
        "city": "Itaguai",
        "state": "RJ",
        "district": "Fazenda Caxias",
        "street": "Avenida Ministro Fernando Costa",
        "zipcode": "23835-303"
    },
    {
        "city": "Itaguai",
        "state": "RJ",
        "district": "Seropedica",
        "street": "Rua Saquarema",
        "zipcode": "23836-740"
    },
    {
        "city": "Itaguai",
        "state": "RJ",
        "district": "Santa Alice",
        "street": "Rua Santa Alice",
        "zipcode": "23840-005"
    },
    {
        "city": "Itaguai",
        "state": "RJ",
        "district": "Seropedica",
        "street": "Travessa Dezesseis",
        "zipcode": "23836-780"
    },
    {
        "city": "Itaguai",
        "state": "RJ",
        "district": "Parque Dom Bosco",
        "street": "Rua Adolfo Anechino",
        "zipcode": "23845-380"
    },
    {
        "city": "Itaguai",
        "state": "RJ",
        "district": "Seropedica",
        "street": "Estrada Rio",
        "zipcode": "23840-205"
    },
    {
        "city": "Itaguai",
        "state": "RJ",
        "district": "Santa Sofia",
        "street": "Rua Joao Da Cruz",
        "zipcode": "23836-330"
    },
    {
        "city": "Itaguai",
        "state": "RJ",
        "district": "Parque Campo Lindo",
        "street": "Alameda Betania",
        "zipcode": "23845-400"
    },
    {
        "city": "Itaguai",
        "state": "RJ",
        "district": "Seropedica",
        "street": "Rua Aderito Cruz",
        "zipcode": "23836-760"
    },
    {
        "city": "Itaguai",
        "state": "RJ",
        "district": "Campo Lindo",
        "street": "Alameda Um",
        "zipcode": "23845-730"
    },
    {
        "city": "Itaguai",
        "state": "RJ",
        "district": "Nazare",
        "street": "Estrada Nazare",
        "zipcode": "23840-190"
    },
    {
        "city": "Itaguai",
        "state": "RJ",
        "district": "Seropedica",
        "street": "Rua Cinco De Julho",
        "zipcode": "23836-720"
    },
    {
        "city": "Itaguai",
        "state": "RJ",
        "district": "Cidade Industrial",
        "street": "Rua Itaperuna",
        "zipcode": "23836-280"
    },
    {
        "city": "Itaguai",
        "state": "RJ",
        "district": "Ibituporanga",
        "street": "Rua Valao Das Loucas",
        "zipcode": "23835-530"
    },
    {
        "city": "Itaguai",
        "state": "RJ",
        "district": "Nazare",
        "street": "Praça Arariboia",
        "zipcode": "23840-040"
    },
    {
        "city": "Itaguai",
        "state": "RJ",
        "district": "Cidade Industrial",
        "street": "Rua Macae",
        "zipcode": "23836-400"
    },
    {
        "city": "Itaguai",
        "state": "RJ",
        "district": "Jardim Central",
        "street": "Rua Aparecida Resende",
        "zipcode": "23845-050"
    },
    {
        "city": "Itaguai",
        "state": "RJ",
        "district": "Santa Sofia",
        "street": "Rua Santa Sofia",
        "zipcode": "23836-610"
    },
    {
        "city": "Itaguai",
        "state": "RJ",
        "district": "Cidade Industrial",
        "street": "Rua Volta Redonda",
        "zipcode": "23836-690"
    },
    {
        "city": "Itaguai",
        "state": "RJ",
        "district": "Nazare",
        "street": "Rua Amazonas",
        "zipcode": "23840-030"
    },
    {
        "city": "Itaguai",
        "state": "RJ",
        "district": "Santa Sofia",
        "street": "Rua Sao Sebastiao",
        "zipcode": "23836-640"
    },
    {
        "city": "Itaguai",
        "state": "RJ",
        "district": "Cidade Industrial",
        "street": "Rua Vassouras",
        "zipcode": "23836-670"
    },
    {
        "city": "Itaguai",
        "state": "RJ",
        "district": "Jardim Acacias",
        "street": "Rua Joao Augusto Paiva",
        "zipcode": "23845-160"
    },
    {
        "city": "Itaguai",
        "state": "RJ",
        "district": "Nazare",
        "street": "Rua Nossa Senhora Da Conceicao",
        "zipcode": "23840-210"
    },
    {
        "city": "Itaguai",
        "state": "RJ",
        "district": "Santa Sofia",
        "street": "Rua Antonio Rosa",
        "zipcode": "23835-630"
    },
    {
        "city": "Itaguai",
        "state": "RJ",
        "district": "Cidade Industrial",
        "street": "Rua Cambuci",
        "zipcode": "23835-770"
    },
    {
        "city": "Itaguai",
        "state": "RJ",
        "district": "Fonte Limpa",
        "street": "Rua Pedro Valente",
        "zipcode": "23835-420"
    },
    {
        "city": "Itaguai",
        "state": "RJ",
        "district": "Aguas Lindas",
        "street": "Rua Belvedere",
        "zipcode": "23836-680"
    },
    {
        "city": "Itaguai",
        "state": "RJ",
        "district": "Parque Sao Jorge",
        "street": "Rua Jorge Da Silva",
        "zipcode": "23845-170"
    },
    {
        "city": "Itaguai",
        "state": "RJ",
        "district": "Sao Miguel",
        "street": "Rua California",
        "zipcode": "23835-760"
    },
    {
        "city": "Itaguai",
        "state": "RJ",
        "district": "Jardim Central",
        "street": "Rua Darida De Jesus",
        "zipcode": "23845-100"
    },
    {
        "city": "Itaguai",
        "state": "RJ",
        "district": "Fazenda Caxias",
        "street": "Praça Joao Azevedo",
        "zipcode": "23835-315"
    },
    {
        "city": "Itaguai",
        "state": "RJ",
        "district": "Seropedica",
        "street": "Rua Alto",
        "zipcode": "23845-040"
    },
    {
        "city": "Itaguai",
        "state": "RJ",
        "district": "Santa Sofia",
        "street": "Rua Sao Jorge",
        "zipcode": "23836-630"
    },
    {
        "city": "Itaguai",
        "state": "RJ",
        "district": "Fazenda Caxias",
        "street": "Rua Solange Barros De Sousa",
        "zipcode": "23835-510"
    },
    {
        "city": "Itaguai",
        "state": "RJ",
        "district": "Cidade Industrial",
        "street": "Rua Rio Das Flores",
        "zipcode": "23836-600"
    },
    {
        "city": "Itaguai",
        "state": "RJ",
        "district": "Cidade Industrial",
        "street": "Rua Itaborai",
        "zipcode": "23836-260"
    },
    {
        "city": "Itaguai",
        "state": "RJ",
        "district": "Santa Sofia",
        "street": "Rua Gado",
        "zipcode": "23836-210"
    },
    {
        "city": "Itaguai",
        "state": "RJ",
        "district": "Parque Campo Lindo",
        "street": "Rua Guilhermina De Araujo",
        "zipcode": "23845-460"
    },
    {
        "city": "Itaguai",
        "state": "RJ",
        "district": "Jardim Central",
        "street": "Rua Deolinda Martins",
        "zipcode": "23845-110"
    },
    {
        "city": "Itaguai",
        "state": "RJ",
        "district": "Sao Miguel",
        "street": "Rua Castro Alves",
        "zipcode": "23836-000"
    },
    {
        "city": "Itaguai",
        "state": "RJ",
        "district": "Parque Sao Jorge",
        "street": "Rua Jorge Soares De Sousa",
        "zipcode": "23845-180"
    },
    {
        "city": "Itaguai",
        "state": "RJ",
        "district": "Boa Esperanca",
        "street": "Rua Jayme De Oliveira",
        "zipcode": "23836-300"
    },
    {
        "city": "Itaguai",
        "state": "RJ",
        "district": "Seropedica",
        "street": "Avenida Brasilia",
        "zipcode": "23845-070"
    },
    {
        "city": "Itaguai",
        "state": "RJ",
        "district": "Aguas Lindas",
        "street": "Rua Viuva Gracas",
        "zipcode": "23836-685"
    },
    {
        "city": "Itaguai",
        "state": "RJ",
        "district": "Pau Cheiroso",
        "street": "Estrada Miguel Pereira",
        "zipcode": "23840-290"
    },
    {
        "city": "Itaguai",
        "state": "RJ",
        "district": "Nazare",
        "street": "Rodovia Presidente Dutra",
        "zipcode": "23840-295"
    },
    {
        "city": "Itaguai",
        "state": "RJ",
        "district": "Parque Campo Lindo",
        "street": "Rua Isabel Carmo Azevedo",
        "zipcode": "23845-480"
    },
    {
        "city": "Itaguai",
        "state": "RJ",
        "district": "Boa Esperanca",
        "street": "Rua Orlando Costarmani",
        "zipcode": "23836-520"
    },
    {
        "city": "Itaguai",
        "state": "RJ",
        "district": "Jardim Central",
        "street": "Rua Cecilia Lima",
        "zipcode": "23845-080"
    },
    {
        "city": "Itaguai",
        "state": "RJ",
        "district": "Jardim Acacias",
        "street": "Estrada Dique Do Guandu",
        "zipcode": "23845-120"
    },
    {
        "city": "Itaguai",
        "state": "RJ",
        "district": "Cidade Industrial",
        "street": "Rua Coralia Vandeck",
        "zipcode": "23836-030"
    },
    {
        "city": "Itaguai",
        "state": "RJ",
        "district": "Parque Dom Bosco",
        "street": "Rua Manuel Lopes De Oliveira",
        "zipcode": "23845-570"
    },
    {
        "city": "Itaguai",
        "state": "RJ",
        "district": "Parque Dom Bosco",
        "street": "Rua Parque Campo Lindo",
        "zipcode": "23845-290"
    },
    {
        "city": "Itaguai",
        "state": "RJ",
        "district": "Cidade Industrial",
        "street": "Rua Maria Augusta Crijo",
        "zipcode": "23836-440"
    },
    {
        "city": "Itaguai",
        "state": "RJ",
        "district": "Sao Miguel",
        "street": "Rua Cruzeiro Do Sul",
        "zipcode": "23836-080"
    },
    {
        "city": "Itaguai",
        "state": "RJ",
        "district": "Aguas Lindas",
        "street": "Rua Lagoa",
        "zipcode": "23836-390"
    },
    {
        "city": "Itaguai",
        "state": "RJ",
        "district": "Cidade Industrial",
        "street": "Rua Duque De Caxias",
        "zipcode": "23837-150"
    },
    {
        "city": "Itaguai",
        "state": "RJ",
        "district": "Parque Primavera",
        "street": "Estrada Joao Ferreira",
        "zipcode": "23835-320"
    },
    {
        "city": "Itaguai",
        "state": "RJ",
        "district": "Jardim Acacias",
        "street": "Rua Maria Santana Fernandes",
        "zipcode": "23845-250"
    },
    {
        "city": "Itaguai",
        "state": "RJ",
        "district": "Seropedica",
        "street": "Rua Josefa Domingas Da Silva",
        "zipcode": "23836-726"
    },
    {
        "city": "Itaguai",
        "state": "RJ",
        "district": "Parque Campo Lindo",
        "street": "Rua Irineia Vircosa",
        "zipcode": "23845-470"
    },
    {
        "city": "Itaguai",
        "state": "RJ",
        "district": "Parque Campo Lindo",
        "street": "Rua Maria Teresa Castilho",
        "zipcode": "23845-600"
    },
    {
        "city": "Itaguai",
        "state": "RJ",
        "district": "Parque Campo Lindo",
        "street": "Rua Raul Alves",
        "zipcode": "23845-650"
    },
    {
        "city": "Itaguai",
        "state": "RJ",
        "district": "Parque Campo Lindo",
        "street": "Rua Rita Batista",
        "zipcode": "23845-660"
    },
    {
        "city": "Itaguai",
        "state": "RJ",
        "district": "Seropedica",
        "street": "Avenida Contorno",
        "zipcode": "23850-040"
    },
    {
        "city": "Itaguai",
        "state": "RJ",
        "district": "Seropedica",
        "street": "Avenida Lisboa",
        "zipcode": "23850-140"
    },
    {
        "city": "Itaguai",
        "state": "RJ",
        "district": "Seropedica",
        "street": "Avenida Recife",
        "zipcode": "23850-210"
    },
    {
        "city": "Itaguai",
        "state": "RJ",
        "district": "Piranema",
        "street": "Rua Alberto Marques",
        "zipcode": "23855-000"
    },
    {
        "city": "Itaguai",
        "state": "RJ",
        "district": "Campo Lindo",
        "street": "Rua Manoel Rocha",
        "zipcode": "23845-760"
    },
    {
        "city": "Itaguai",
        "state": "RJ",
        "district": "Seropedica",
        "street": "Travessa Colina",
        "zipcode": "23850-030"
    },
    {
        "city": "Itaguai",
        "state": "RJ",
        "district": "Seropedica",
        "street": "Rua Elipse Alta",
        "zipcode": "23850-060"
    },
    {
        "city": "Itaguai",
        "state": "RJ",
        "district": "Seropedica",
        "street": "Rua Elipse Baixa",
        "zipcode": "23850-070"
    },
    {
        "city": "Itaguai",
        "state": "RJ",
        "district": "Seropedica",
        "street": "Rua Ipiranga",
        "zipcode": "23850-110"
    },
    {
        "city": "Itaguai",
        "state": "RJ",
        "district": "Seropedica",
        "street": "Rua Monte Alegre",
        "zipcode": "23850-160"
    },
    {
        "city": "Itaguai",
        "state": "RJ",
        "district": "Seropedica",
        "street": "Rua Patioba",
        "zipcode": "23850-170"
    },
    {
        "city": "Itaguai",
        "state": "RJ",
        "district": "Parque Campo Lindo",
        "street": "Rua Niteroi",
        "zipcode": "23845-610"
    },
    {
        "city": "Itaguai",
        "state": "RJ",
        "district": "Parque Campo Lindo",
        "street": "Rua Manuel Gomes Novo",
        "zipcode": "23845-560"
    },
    {
        "city": "Itaguai",
        "state": "RJ",
        "district": "Parque Campo Lindo",
        "street": "Avenida Canalisada",
        "zipcode": "23845-410"
    },
    {
        "city": "Itaguai",
        "state": "RJ",
        "district": "Santa Sofia",
        "street": "Rua Ferradura",
        "zipcode": "23837-160"
    },
    {
        "city": "Itaguai",
        "state": "RJ",
        "district": "Parque Dom Bosco",
        "street": "Rua Nossa Senhora Das Gracas",
        "zipcode": "23845-270"
    },
    {
        "city": "Itaguai",
        "state": "RJ",
        "district": "Jardim Central",
        "street": "Rua Teresinha Evangelista",
        "zipcode": "23845-370"
    },
    {
        "city": "Itaguai",
        "state": "RJ",
        "district": "Piranema",
        "street": "Estrada Reta Novecentos",
        "zipcode": "23855-110"
    },
    {
        "city": "Itaguai",
        "state": "RJ",
        "district": "Parque Campo Lindo",
        "street": "Rua Jose Messias",
        "zipcode": "23845-520"
    },
    {
        "city": "Itaguai",
        "state": "RJ",
        "district": "Parque Campo Lindo",
        "street": "Rua Marcilio Dias",
        "zipcode": "23845-580"
    },
    {
        "city": "Itaguai",
        "state": "RJ",
        "district": "Jardim Acacias",
        "street": "Rua Rodolfo Ferreira",
        "zipcode": "23845-340"
    },
    {
        "city": "Itaguai",
        "state": "RJ",
        "district": "Jardim Central",
        "street": "Rua Valdomiro Aguiar",
        "zipcode": "23850-240"
    },
    {
        "city": "Itaguai",
        "state": "RJ",
        "district": "Seropedica",
        "street": "Rua Tenente Jesuino De Sousa",
        "zipcode": "23845-360"
    },
    {
        "city": "Itaguai",
        "state": "RJ",
        "district": "Santa Sofia",
        "street": "Rua Cruz Das Almas",
        "zipcode": "23837-130"
    },
    {
        "city": "Itaguai",
        "state": "RJ",
        "district": "Seropedica",
        "street": "Ladeira Meteorologia",
        "zipcode": "23850-150"
    },
    {
        "city": "Itaguai",
        "state": "RJ",
        "district": "Parque Dom Bosco",
        "street": "Rua Jose Fernandes Plaza",
        "zipcode": "23845-510"
    },
    {
        "city": "Itaguai",
        "state": "RJ",
        "district": "Seropedica",
        "street": "Rua Guanabara",
        "zipcode": "23850-100"
    },
    {
        "city": "Itaguai",
        "state": "RJ",
        "district": "Parque Dom Bosco",
        "street": "Rua Gilberto Estaneck",
        "zipcode": "23845-450"
    },
    {
        "city": "Itaguai",
        "state": "RJ",
        "district": "Parque Jocimar",
        "street": "Avenida Canal",
        "zipcode": "23850-360"
    },
    {
        "city": "Itaguai",
        "state": "RJ",
        "district": "Seropedica",
        "street": "Rua Universidade Rural",
        "zipcode": "23850-230"
    },
    {
        "city": "Itaguai",
        "state": "RJ",
        "district": "Jardim Maracana",
        "street": "Caminho Dique",
        "zipcode": "23840-070"
    },
    {
        "city": "Itaguai",
        "state": "RJ",
        "district": "Piranema",
        "street": "Estrada Reta Quatrocentos",
        "zipcode": "23855-130"
    },
    {
        "city": "Itaguai",
        "state": "RJ",
        "district": "Parque Dom Bosco",
        "street": "Rua Joao Da Luz",
        "zipcode": "23845-500"
    },
    {
        "city": "Itaguai",
        "state": "RJ",
        "district": "Piranema",
        "street": "Estrada Bandeirantes",
        "zipcode": "23855-020"
    },
    {
        "city": "Itaguai",
        "state": "RJ",
        "district": "Piranema",
        "street": "Estrada Reta Oitocentos",
        "zipcode": "23855-120"
    },
    {
        "city": "Itaguai",
        "state": "RJ",
        "district": "Piranema",
        "street": "Rua Pedro Servulo De Araujo",
        "zipcode": "23845-310"
    },
    {
        "city": "Itaguai",
        "state": "RJ",
        "district": "Seropedica",
        "street": "Rua Colina",
        "zipcode": "23850-020"
    },
    {
        "city": "Itaguai",
        "state": "RJ",
        "district": "Parque Dom Bosco",
        "street": "Rua Pedro Santana",
        "zipcode": "23845-630"
    },
    {
        "city": "Itaguai",
        "state": "RJ",
        "district": "Parque Dom Bosco",
        "street": "Rua Santa Maria",
        "zipcode": "23845-770"
    },
    {
        "city": "Itaguai",
        "state": "RJ",
        "district": "Sao Miguel",
        "street": "Rua Joao Delmiro Da Silva",
        "zipcode": "23837-140"
    },
    {
        "city": "Itaguai",
        "state": "RJ",
        "district": "Seropedica",
        "street": "Estrada Raul Menezes Povoa",
        "zipcode": "23850-200"
    },
    {
        "city": "Itaguai",
        "state": "RJ",
        "district": "Parque Dom Bosco",
        "street": "Rua Jose Miranda Pena",
        "zipcode": "23845-530"
    },
    {
        "city": "Itaguai",
        "state": "RJ",
        "district": "Parque Dom Bosco",
        "street": "Rua Josefa Fernandes Plaza",
        "zipcode": "23845-550"
    },
    {
        "city": "Itaguai",
        "state": "RJ",
        "district": "Jardim Acacias",
        "street": "Rua Martins Duarte",
        "zipcode": "23845-260"
    },
    {
        "city": "Itaguai",
        "state": "RJ",
        "district": "Parque Campo Lindo",
        "street": "Rua Firmino Modesto",
        "zipcode": "23850-400"
    },
    {
        "city": "Itaguai",
        "state": "RJ",
        "district": "Ecologia",
        "street": "Rua Universidade",
        "zipcode": "23850-540"
    },
    {
        "city": "Itaguai",
        "state": "RJ",
        "district": "Ecologia",
        "street": "Rua Bela Vista",
        "zipcode": "23850-560"
    },
    {
        "city": "Itaguai",
        "state": "RJ",
        "district": "Ecologia",
        "street": "Rua Iba",
        "zipcode": "23850-570"
    },
    {
        "city": "Itaguai",
        "state": "RJ",
        "district": "Ecologia",
        "street": "Rua Elipse Alta",
        "zipcode": "23850-590"
    },
    {
        "city": "Itaguai",
        "state": "RJ",
        "district": "Ecologia",
        "street": "Rua Elipse Baixa",
        "zipcode": "23850-600"
    },
    {
        "city": "Itaguai",
        "state": "RJ",
        "district": "Piranema",
        "street": "Rua Germano Miguel Da Silva",
        "zipcode": "23855-160"
    },
    {
        "city": "Itaguai",
        "state": "RJ",
        "district": "Parque Jocimar",
        "street": "Rua Manuel Cordeiro",
        "zipcode": "23850-450"
    },
    {
        "city": "Itaguai",
        "state": "RJ",
        "district": "Parque Jocimar",
        "street": "Rua Manuel De Sousa",
        "zipcode": "23850-470"
    },
    {
        "city": "Itaguai",
        "state": "RJ",
        "district": "Parque Vera Cruz",
        "street": "Rua Abisalon Meireles",
        "zipcode": "23855-270"
    },
    {
        "city": "Itaguai",
        "state": "RJ",
        "district": "Parque Dom Bosco",
        "street": "Rua Pedro Galvao",
        "zipcode": "23845-620"
    },
    {
        "city": "Itaguai",
        "state": "RJ",
        "district": "Parque Vera Cruz",
        "street": "Rua Altino Moreira",
        "zipcode": "23850-300"
    },
    {
        "city": "Itaguai",
        "state": "RJ",
        "district": "Parque Primavera",
        "street": "Estrada Santa Rosa",
        "zipcode": "23855-201"
    },
    {
        "city": "Itaguai",
        "state": "RJ",
        "district": "Campo Lindo",
        "street": "Rua Erineia Visosa",
        "zipcode": "23845-750"
    },
    {
        "city": "Itaguai",
        "state": "RJ",
        "district": "Parque Vera Cruz",
        "street": "Rua Adolfo Lima",
        "zipcode": "23850-290"
    },
    {
        "city": "Itaguai",
        "state": "RJ",
        "district": "Piranema",
        "street": "Estrada Santa Rosa",
        "zipcode": "23855-205"
    },
    {
        "city": "Itaguai",
        "state": "RJ",
        "district": "Piranema",
        "street": "Rua Maria Antonieta",
        "zipcode": "23855-280"
    },
    {
        "city": "Itaguai",
        "state": "RJ",
        "district": "Piranema",
        "street": "Rua Alipio Da Silva",
        "zipcode": "23850-420"
    },
    {
        "city": "Itaguai",
        "state": "RJ",
        "district": "Parque Jocimar",
        "street": "Rua Osmar Bento Silva",
        "zipcode": "23850-520"
    },
    {
        "city": "Itaguai",
        "state": "RJ",
        "district": "Piranema",
        "street": "Rua Rafael Scarfo",
        "zipcode": "23855-300"
    },
    {
        "city": "Itaguai",
        "state": "RJ",
        "district": "Parque Vera Cruz",
        "street": "Rua Manuel De Matos",
        "zipcode": "23850-460"
    },
    {
        "city": "Itaguai",
        "state": "RJ",
        "district": "Parque Jocimar",
        "street": "Rua Jacinto Monteiro",
        "zipcode": "23850-410"
    },
    {
        "city": "Itaguai",
        "state": "RJ",
        "district": "Parque Jocimar",
        "street": "Rua Durvalino Francisco De Jesus",
        "zipcode": "23850-370"
    },
    {
        "city": "Itaguai",
        "state": "RJ",
        "district": "Seropedica",
        "street": "Rua Vitoria",
        "zipcode": "23850-250"
    },
    {
        "city": "Itaguai",
        "state": "RJ",
        "district": "Parque Jocimar",
        "street": "Rua Arnaldo Bronzato",
        "zipcode": "23850-350"
    },
    {
        "city": "Itaguai",
        "state": "RJ",
        "district": "Parque Vera Cruz",
        "street": "Rua Anedino Tavares",
        "zipcode": "23850-340"
    },
    {
        "city": "Itaguai",
        "state": "RJ",
        "district": "Piranema",
        "street": "Rua Vereador Daltro Polinario",
        "zipcode": "23855-320"
    },
    {
        "city": "Itaguai",
        "state": "RJ",
        "district": "Parque Jocimar",
        "street": "Rua Sergio Bento Silva",
        "zipcode": "23850-530"
    },
    {
        "city": "Itaguai",
        "state": "RJ",
        "district": "Fazenda Caxias",
        "street": "Rua Abigail Vicente De Lima",
        "zipcode": "23830-000"
    },
    {
        "city": "Itaguai",
        "state": "RJ",
        "district": "Fazenda Caxias",
        "street": "Avenida Ministro Fernando Costa",
        "zipcode": "23835-301"
    },
    {
        "city": "Itaguai",
        "state": "RJ",
        "district": "Sao Miguel",
        "street": "Avenida Bandeirantes",
        "zipcode": "23835-650"
    },
    {
        "city": "Itaguai",
        "state": "RJ",
        "district": "Jardim Maracana",
        "street": "Avenida Canal",
        "zipcode": "23840-060"
    },
    {
        "city": "Itaguai",
        "state": "RJ",
        "district": "Parque Campo Lindo",
        "street": "Rua Adolfo Antonio Gouveia",
        "zipcode": "23845-390"
    },
    {
        "city": "Itaguai",
        "state": "RJ",
        "district": "Seropedica",
        "street": "Avenida Porto Alegre",
        "zipcode": "23850-190"
    },
    {
        "city": "Itaguai",
        "state": "RJ",
        "district": "Seropedica",
        "street": "Avenida Eucaliptos",
        "zipcode": "23850-090"
    },
    {
        "city": "Itaguai",
        "state": "RJ",
        "district": "Parque Vera Cruz",
        "street": "Avenida Magaldi",
        "zipcode": "23850-440"
    },
    {
        "city": "Itaguai",
        "state": "RJ",
        "district": "Piranema",
        "street": "Rua Gilmar N. Francisco",
        "zipcode": "23855-330"
    },
    {
        "city": "Itaguai",
        "state": "RJ",
        "district": "Piranema",
        "street": "Rua Manoel De Campos",
        "zipcode": "23855-340"
    },
    {
        "city": "Itaguai",
        "state": "RJ",
        "district": "Aguas Lindas",
        "street": "Estrada Rio",
        "zipcode": "23836-710"
    },
    {
        "city": "Itaguai",
        "state": "RJ",
        "district": "Fazenda Caxias",
        "street": "Rua Demetrio De Brito",
        "zipcode": "23835-160"
    },
    {
        "city": "Itaguai",
        "state": "RJ",
        "district": "Fazenda Caxias",
        "street": "Rua Francisco Gloria",
        "zipcode": "23835-230"
    },
    {
        "city": "Itaguai",
        "state": "RJ",
        "district": "Fazenda Caxias",
        "street": "Rua Joana Resende",
        "zipcode": "23835-300"
    },
    {
        "city": "Itaguai",
        "state": "RJ",
        "district": "Fazenda Caxias",
        "street": "Rua Josino Fernandes Nunes",
        "zipcode": "23835-360"
    },
    {
        "city": "Itaguai",
        "state": "RJ",
        "district": "Sao Miguel",
        "street": "Rua Bangu",
        "zipcode": "23835-660"
    },
    {
        "city": "Itaguai",
        "state": "RJ",
        "district": "Sao Miguel",
        "street": "Rua Flamengo",
        "zipcode": "23836-160"
    },
    {
        "city": "Itaguai",
        "state": "RJ",
        "district": "Seropedica",
        "street": "Rua Bela Vista",
        "zipcode": "23845-060"
    },
    {
        "city": "Itaguai",
        "state": "RJ",
        "district": "Fazenda Caxias",
        "street": "Rua Ana Fraga",
        "zipcode": "23835-010"
    },
    {
        "city": "Itaguai",
        "state": "RJ",
        "district": "Fazenda Caxias",
        "street": "Rua Geraldo Ribeiro",
        "zipcode": "23835-240"
    },
    {
        "city": "Itaguai",
        "state": "RJ",
        "district": "Parque Campo Lindo",
        "street": "Rua Raimundo Dos Santos",
        "zipcode": "23845-640"
    },
    {
        "city": "Itaguai",
        "state": "RJ",
        "district": "Parque Campo Lindo",
        "street": "Rua Vicente Celestino",
        "zipcode": "23845-720"
    },
    {
        "city": "Itaguai",
        "state": "RJ",
        "district": "Seropedica",
        "street": "Rua Cruzeiro",
        "zipcode": "23850-050"
    },
    {
        "city": "Itaguai",
        "state": "RJ",
        "district": "Seropedica",
        "street": "Rua Estado",
        "zipcode": "23850-080"
    },
    {
        "city": "Itaguai",
        "state": "RJ",
        "district": "Seropedica",
        "street": "Rua Itaperuna",
        "zipcode": "23850-120"
    },
    {
        "city": "Itaguai",
        "state": "RJ",
        "district": "Jardim Maracana",
        "street": "Rua Igreja",
        "zipcode": "23840-145"
    },
    {
        "city": "Itaguai",
        "state": "RJ",
        "district": "Seropedica",
        "street": "Avenida Amazonas",
        "zipcode": "23850-010"
    },
    {
        "city": "Itaguai",
        "state": "RJ",
        "district": "Seropedica",
        "street": "Avenida Rio De Janeiro",
        "zipcode": "23850-220"
    },
    {
        "city": "Itaguai",
        "state": "RJ",
        "district": "Dom Bosco",
        "street": "Rua Joao Fabiano",
        "zipcode": "23845-800"
    },
    {
        "city": "Itaguai",
        "state": "RJ",
        "district": "Fazenda Caxias",
        "street": "Rua Tharsis E Paula",
        "zipcode": "23835-520"
    },
    {
        "city": "Itaguai",
        "state": "RJ",
        "district": "Jardim Acacias",
        "street": "Rua Girassol",
        "zipcode": "23845-140"
    },
    {
        "city": "Itaguai",
        "state": "RJ",
        "district": "Parque Campo Lindo",
        "street": "Rua Maria Aparecida De Sousa",
        "zipcode": "23845-590"
    },
    {
        "city": "Itaguai",
        "state": "RJ",
        "district": "Fazenda Caxias",
        "street": "Travessa Pereira",
        "zipcode": "23835-430"
    },
    {
        "city": "Itaguai",
        "state": "RJ",
        "district": "Engenho",
        "street": "Rua Honorio Dos Santos",
        "zipcode": "23821-170"
    },
    {
        "city": "Itaguai",
        "state": "RJ",
        "district": "Jardim Acacias",
        "street": "Rua Adutora",
        "zipcode": "23845-000"
    },
    {
        "city": "Itaguai",
        "state": "RJ",
        "district": "Aguas Lindas",
        "street": "Rua Contorno",
        "zipcode": "23836-020"
    },
    {
        "city": "Itaguai",
        "state": "RJ",
        "district": "Cidade Industrial",
        "street": "Rua Pirai",
        "zipcode": "23836-570"
    },
    {
        "city": "Itaguai",
        "state": "RJ",
        "district": "Piranema",
        "street": "Estrada Reta Duzentos",
        "zipcode": "23855-090"
    },
    {
        "city": "Itaguai",
        "state": "RJ",
        "district": "Ibituporanga",
        "street": "Rua Jose Moraes Dias",
        "zipcode": "23810-209"
    },
    {
        "city": "Itaguai",
        "state": "RJ",
        "district": "Parque Sao Jorge",
        "street": "Rua Pedro Paulo Campos",
        "zipcode": "23845-300"
    },
    {
        "city": "Itaguai",
        "state": "RJ",
        "district": "Fazenda Caxias",
        "street": "Rua Washington Luis",
        "zipcode": "23835-570"
    },
    {
        "city": "Itaguai",
        "state": "RJ",
        "district": "Parque Jocimar",
        "street": "Rua Ana Vieira",
        "zipcode": "23850-330"
    },
    {
        "city": "Itaguai",
        "state": "RJ",
        "district": "Piranema",
        "street": "Estrada Reta Trezentos",
        "zipcode": "23855-150"
    },
    {
        "city": "Itaguai",
        "state": "RJ",
        "district": "Fazenda Caxias",
        "street": "Rua Ambrosina Maria Da Conceicao",
        "zipcode": "23835-020"
    },
    {
        "city": "Itaguai",
        "state": "RJ",
        "district": "Parque Campo Lindo",
        "street": "Travessa Ricardo Marantes",
        "zipcode": "23845-330"
    },
    {
        "city": "Itaguai",
        "state": "RJ",
        "district": "Seropedica",
        "street": "Estrada Bandeirantes",
        "zipcode": "23835-060"
    },
    {
        "city": "Itaguai",
        "state": "RJ",
        "district": "Jardim Central",
        "street": "Rua Manuel Teixeira Da Costa",
        "zipcode": "23845-220"
    },
    {
        "city": "Itaguai",
        "state": "RJ",
        "district": "Ecologia",
        "street": "Rua Da Gloria",
        "zipcode": "23850-550"
    },
    {
        "city": "Itaguai",
        "state": "RJ",
        "district": "Ecologia",
        "street": "Rua Do Cruzeiro",
        "zipcode": "23850-580"
    },
    {
        "city": "Itaguai",
        "state": "RJ",
        "district": "Piranema",
        "street": "Rua Antonio Julio",
        "zipcode": "23855-310"
    },
    {
        "city": "Itaguai",
        "state": "RJ",
        "district": "Parque Campo Lindo",
        "street": "Rua Joao A Paiva",
        "zipcode": "23845-490"
    },
    {
        "city": "Itaguai",
        "state": "RJ",
        "district": "Parque Dom Bosco",
        "street": "Rua Seminarista Marcone",
        "zipcode": "23845-010"
    },
    {
        "city": "Itaguai",
        "state": "RJ",
        "district": "Piranema",
        "street": "Rua Reta Dos Quinhentos",
        "zipcode": "23855-250"
    },
    {
        "city": "Itaguai",
        "state": "RJ",
        "district": "Seropedica",
        "street": "Rua Prof. Silvia Pereira Lopes",
        "zipcode": "23836-730"
    },
    {
        "city": "Itaguai",
        "state": "RJ",
        "district": "Cidade Industrial",
        "street": "Rua Jose Tunala",
        "zipcode": "23836-380"
    },
    {
        "city": "Itaguai",
        "state": "RJ",
        "district": "Ilha Da Madeira",
        "street": "Rua Tupi",
        "zipcode": "23821-560"
    },
    {
        "city": "Itaguai",
        "state": "RJ",
        "district": "Piranema",
        "street": "Estrada Reta Setecentos",
        "zipcode": "23855-140"
    },
    {
        "city": "Itaguai",
        "state": "RJ",
        "district": "Cidade Industrial",
        "street": "Rua Teresopolis",
        "zipcode": "23836-660"
    },
    {
        "city": "Itaguai",
        "state": "RJ",
        "district": "Parque Jocimar",
        "street": "Rua Julia Candida De Lima",
        "zipcode": "23850-430"
    },
    {
        "city": "Itaguai",
        "state": "RJ",
        "district": "Parque Vera Cruz",
        "street": "Rua Miguel Honorato",
        "zipcode": "23850-500"
    },
    {
        "city": "Itaguai",
        "state": "RJ",
        "district": "Piranema",
        "street": "Rua Lucas De Oliveira",
        "zipcode": "23855-350"
    },
    {
        "city": "Itaguai",
        "state": "RJ",
        "district": "Parque Vera Cruz",
        "street": "Rua Enedino Tavares",
        "zipcode": "23850-380"
    }
]