[
    {
        "city": "Macae",
        "state": "RJ",
        "district": "Visconde De Araujo",
        "street": "Rua Coronel Sizenando Souza",
        "zipcode": "27943-070"
    },
    {
        "city": "Macae",
        "state": "RJ",
        "district": "Lagoa",
        "street": "Rua Um",
        "zipcode": "27925-280"
    },
    {
        "city": "Macae",
        "state": "RJ",
        "district": "Parque Aeroporto",
        "street": "Rua Doze",
        "zipcode": "27953-280"
    },
    {
        "city": "Macae",
        "state": "RJ",
        "district": "Parque Aeroporto",
        "street": "Rua Noventa",
        "zipcode": "27953-090"
    },
    {
        "city": "Macae",
        "state": "RJ",
        "district": "Barra",
        "street": "Rua Jose Fernandes De Aguiar",
        "zipcode": "27973-490"
    },
    {
        "city": "Macae",
        "state": "RJ",
        "district": "Lagoa",
        "street": "Rua W",
        "zipcode": "27925-340"
    },
    {
        "city": "Macae",
        "state": "RJ",
        "district": "Granja Cavaleiros",
        "street": "Rua L I (Novo Cavaleiro)",
        "zipcode": "27930-470"
    },
    {
        "city": "Macae",
        "state": "RJ",
        "district": "Barra",
        "street": "Travessa Dezenove",
        "zipcode": "27973-230"
    },
    {
        "city": "Macae",
        "state": "RJ",
        "district": "Carapebus",
        "street": "Rua Da Matriz",
        "zipcode": "27960-290"
    },
    {
        "city": "Macae",
        "state": "RJ",
        "district": "Parque Aeroporto",
        "street": "Rua Cento E Cinco",
        "zipcode": "27955-130"
    },
    {
        "city": "Macae",
        "state": "RJ",
        "district": "Parque Aeroporto",
        "street": "Rua Braulio Alves Simoes",
        "zipcode": "27950-460"
    },
    {
        "city": "Macae",
        "state": "RJ",
        "district": "Barra",
        "street": "Rua Fernando Hipolito Santos",
        "zipcode": "27973-400"
    },
    {
        "city": "Macae",
        "state": "RJ",
        "district": "Parque Aeroporto",
        "street": "Rua Cinquenta E Tres",
        "zipcode": "27950-350"
    },
    {
        "city": "Macae",
        "state": "RJ",
        "district": "Parque Aeroporto",
        "street": "Rua Nicodemus Nicomedes Ribeiro",
        "zipcode": "27970-370"
    },
    {
        "city": "Macae",
        "state": "RJ",
        "district": "Visconde De Araujo",
        "street": "Rua Projetada",
        "zipcode": "27936-360"
    },
    {
        "city": "Macae",
        "state": "RJ",
        "district": "Carapebus",
        "street": "Rua Maximiliano Jose De Oliveira",
        "zipcode": "27960-300"
    },
    {
        "city": "Macae",
        "state": "RJ",
        "district": "Malvinas",
        "street": "Rua S",
        "zipcode": "27947-170"
    },
    {
        "city": "Macae",
        "state": "RJ",
        "district": "Malvinas",
        "street": "Rua Tres",
        "zipcode": "27947-090"
    },
    {
        "city": "Macae",
        "state": "RJ",
        "district": "Barra",
        "street": "Travessa Walter Ferreira Dos Santos",
        "zipcode": "27975-130"
    },
    {
        "city": "Macae",
        "state": "RJ",
        "district": "Riviera Fluminense",
        "street": "Vala Do Pacote",
        "zipcode": "27937-000"
    },
    {
        "city": "Macae",
        "state": "RJ",
        "district": "Aroeiras",
        "street": "Rua Ladeira De Santana",
        "zipcode": "27945-340"
    },
    {
        "city": "Macae",
        "state": "RJ",
        "district": "Barra",
        "street": "Rua Vanilde Natalino De Matos",
        "zipcode": "27973-450"
    },
    {
        "city": "Macae",
        "state": "RJ",
        "district": "Alto Cajueiros",
        "street": "Rua Prof. Eduardo Serrano",
        "zipcode": "27915-320"
    },
    {
        "city": "Macae",
        "state": "RJ",
        "district": "Parque Aeroporto",
        "street": "Rua Trinta E Sete",
        "zipcode": "27950-380"
    },
    {
        "city": "Macae",
        "state": "RJ",
        "district": "Parque Aeroporto",
        "street": "Rua Carlos Drumond De Andrade",
        "zipcode": "27953-140"
    },
    {
        "city": "Macae",
        "state": "RJ",
        "district": "Carapebus",
        "street": "Rua Sebastiao Xavier",
        "zipcode": "27963-120"
    },
    {
        "city": "Macae",
        "state": "RJ",
        "district": "Parque Aeroporto",
        "street": "Avenida W",
        "zipcode": "27970-210"
    },
    {
        "city": "Macae",
        "state": "RJ",
        "district": "Sol E Mar",
        "street": "Rua Alberto B Do Amaral",
        "zipcode": "27940-660"
    },
    {
        "city": "Macae",
        "state": "RJ",
        "district": "Sol E Mar",
        "street": "Avenida B (Campo Grande)",
        "zipcode": "27940-510"
    },
    {
        "city": "Macae",
        "state": "RJ",
        "district": "Costa Do Sol",
        "street": "Rua Seis",
        "zipcode": "27923-350"
    },
    {
        "city": "Macae",
        "state": "RJ",
        "district": "Centro",
        "street": "Rua Denach Lima",
        "zipcode": "27913-430"
    },
    {
        "city": "Macae",
        "state": "RJ",
        "district": "Sol E Mar",
        "street": "Rua D",
        "zipcode": "27940-350"
    },
    {
        "city": "Macae",
        "state": "RJ",
        "district": "Cavaleiros",
        "street": "Rua B (Imboassica)",
        "zipcode": "27920-500"
    },
    {
        "city": "Macae",
        "state": "RJ",
        "district": "Cavaleiros",
        "street": "Rua D (Imboassica)",
        "zipcode": "27920-520"
    },
    {
        "city": "Macae",
        "state": "RJ",
        "district": "Centro",
        "street": "Rua Visconde De Quissama",
        "zipcode": "27910-290"
    },
    {
        "city": "Macae",
        "state": "RJ",
        "district": "Centro",
        "street": "Avenida Rui Barbosa",
        "zipcode": "27910-360"
    },
    {
        "city": "Macae",
        "state": "RJ",
        "district": "Centro",
        "street": "Rua G",
        "zipcode": "27913-470"
    },
    {
        "city": "Macae",
        "state": "RJ",
        "district": "Cavaleiros",
        "street": "Rua G",
        "zipcode": "27920-400"
    },
    {
        "city": "Macae",
        "state": "RJ",
        "district": "Cavaleiros",
        "street": "Rua C (Imboassica)",
        "zipcode": "27920-510"
    },
    {
        "city": "Macae",
        "state": "RJ",
        "district": "Praia Campista",
        "street": "Avenida Atlantica",
        "zipcode": "27923-410"
    },
    {
        "city": "Macae",
        "state": "RJ",
        "district": "Lagoa",
        "street": "Rua Da Confianca",
        "zipcode": "27925-100"
    },
    {
        "city": "Macae",
        "state": "RJ",
        "district": "Costa Do Sol",
        "street": "Rua Jose De Aguiar Moreira",
        "zipcode": "27923-180"
    },
    {
        "city": "Macae",
        "state": "RJ",
        "district": "Jardim Maringa",
        "street": "Rua Antonio Maciel Azevedo",
        "zipcode": "27936-240"
    },
    {
        "city": "Macae",
        "state": "RJ",
        "district": "Vivenda Da Lagoa",
        "street": "Rua Imboacica",
        "zipcode": "27920-340"
    },
    {
        "city": "Macae",
        "state": "RJ",
        "district": "Granja Cavaleiros",
        "street": "Avenida Oitenta E Oito",
        "zipcode": "27930-280"
    },
    {
        "city": "Macae",
        "state": "RJ",
        "district": "Granja Cavaleiros",
        "street": "Rua Projetada Dois",
        "zipcode": "27930-410"
    },
    {
        "city": "Macae",
        "state": "RJ",
        "district": "Granja Cavaleiros",
        "street": "Estrada M",
        "zipcode": "27933-070"
    },
    {
        "city": "Macae",
        "state": "RJ",
        "district": "Lagoa",
        "street": "Avenida Do Mulambo",
        "zipcode": "27925-130"
    },
    {
        "city": "Macae",
        "state": "RJ",
        "district": "Centro",
        "street": "Rua Projetada",
        "zipcode": "27916-110"
    },
    {
        "city": "Macae",
        "state": "RJ",
        "district": "Lagoa",
        "street": "Avenida Panorama",
        "zipcode": "27925-510"
    },
    {
        "city": "Macae",
        "state": "RJ",
        "district": "Lagoa",
        "street": "Rua Cinco",
        "zipcode": "27925-240"
    },
    {
        "city": "Macae",
        "state": "RJ",
        "district": "Lagoa",
        "street": "Rua Luis Marques",
        "zipcode": "27925-120"
    },
    {
        "city": "Macae",
        "state": "RJ",
        "district": "Granja Cavaleiros",
        "street": "Praça Sem Nome",
        "zipcode": "27930-320"
    },
    {
        "city": "Macae",
        "state": "RJ",
        "district": "Lagoa",
        "street": "Rua Sao Marcos",
        "zipcode": "27925-300"
    },
    {
        "city": "Macae",
        "state": "RJ",
        "district": "Lagoa",
        "street": "Rua Tres",
        "zipcode": "27925-260"
    },
    {
        "city": "Macae",
        "state": "RJ",
        "district": "Cajueiros",
        "street": "Rua C",
        "zipcode": "27916-190"
    },
    {
        "city": "Macae",
        "state": "RJ",
        "district": "Granja Cavaleiros",
        "street": "Rua Servidao",
        "zipcode": "27930-110"
    },
    {
        "city": "Macae",
        "state": "RJ",
        "district": "Lagoa",
        "street": "Rua Marte",
        "zipcode": "27925-320"
    },
    {
        "city": "Macae",
        "state": "RJ",
        "district": "Centro",
        "street": "Avenida Dos Jesuitas",
        "zipcode": "27913-180"
    },
    {
        "city": "Macae",
        "state": "RJ",
        "district": "Alto Cajueiros",
        "street": "Rua Um",
        "zipcode": "27915-240"
    },
    {
        "city": "Macae",
        "state": "RJ",
        "district": "Alto Cajueiros",
        "street": "Avenida Dos Jesuitas",
        "zipcode": "27915-090"
    },
    {
        "city": "Macae",
        "state": "RJ",
        "district": "Centro",
        "street": "Travessa Jacinto Vieira Dos Santos",
        "zipcode": "27913-380"
    },
    {
        "city": "Macae",
        "state": "RJ",
        "district": "Lagoa",
        "street": "Rua A (Vle Encantado)",
        "zipcode": "27925-080"
    },
    {
        "city": "Macae",
        "state": "RJ",
        "district": "Alto Cajueiros",
        "street": "Avenida Rui Barbosa",
        "zipcode": "27915-010"
    },
    {
        "city": "Macae",
        "state": "RJ",
        "district": "Granja Cavaleiros",
        "street": "Rua Um",
        "zipcode": "27930-330"
    },
    {
        "city": "Macae",
        "state": "RJ",
        "district": "Cajueiros",
        "street": "Rua Dos Expedicionarios",
        "zipcode": "27916-120"
    },
    {
        "city": "Macae",
        "state": "RJ",
        "district": "Costa Do Sol",
        "street": "Rua Dezenove",
        "zipcode": "27923-040"
    },
    {
        "city": "Macae",
        "state": "RJ",
        "district": "Praia Campista",
        "street": "Rua Lafaiete",
        "zipcode": "27923-000"
    },
    {
        "city": "Macae",
        "state": "RJ",
        "district": "Lagoa",
        "street": "Caminho Jean Color",
        "zipcode": "27920-350"
    },
    {
        "city": "Macae",
        "state": "RJ",
        "district": "Centro",
        "street": "Rua Dr Julio Olivier",
        "zipcode": "27916-210"
    },
    {
        "city": "Macae",
        "state": "RJ",
        "district": "Cajueiros",
        "street": "Rua Luis Pinto",
        "zipcode": "27916-260"
    },
    {
        "city": "Macae",
        "state": "RJ",
        "district": "Centro",
        "street": "Rua Dr Julio Olivier",
        "zipcode": "27913-160"
    },
    {
        "city": "Macae",
        "state": "RJ",
        "district": "Lagoa",
        "street": "Rua D",
        "zipcode": "27920-000"
    },
    {
        "city": "Macae",
        "state": "RJ",
        "district": "Granja Cavaleiros",
        "street": "Rua A",
        "zipcode": "27930-220"
    },
    {
        "city": "Macae",
        "state": "RJ",
        "district": "Vivenda Da Lagoa",
        "street": "Rua H",
        "zipcode": "27920-050"
    },
    {
        "city": "Macae",
        "state": "RJ",
        "district": "Granja Cavaleiros",
        "street": "Rua Prof. Ana Benedita",
        "zipcode": "27933-000"
    },
    {
        "city": "Macae",
        "state": "RJ",
        "district": "Lagoa",
        "street": "Rua R",
        "zipcode": "27925-090"
    },
    {
        "city": "Macae",
        "state": "RJ",
        "district": "Costa Do Sol",
        "street": "Rua Teixeira De Gouveia",
        "zipcode": "27923-230"
    },
    {
        "city": "Macae",
        "state": "RJ",
        "district": "Granja Cavaleiros",
        "street": "Rua Projetada Cinco",
        "zipcode": "27930-390"
    },
    {
        "city": "Macae",
        "state": "RJ",
        "district": "Parque Aeroporto",
        "street": "Rua Hildebrando Alves Barbosa",
        "zipcode": "27950-010"
    },
    {
        "city": "Macae",
        "state": "RJ",
        "district": "Jardim Maringa",
        "street": "Rua F (C Davila)",
        "zipcode": "27936-320"
    },
    {
        "city": "Macae",
        "state": "RJ",
        "district": "Jardim Maringa",
        "street": "Rua I",
        "zipcode": "27936-340"
    },
    {
        "city": "Macae",
        "state": "RJ",
        "district": "Campo Do Oeste",
        "street": "Rua Jonas Mussi",
        "zipcode": "27935-460"
    },
    {
        "city": "Macae",
        "state": "RJ",
        "district": "Miramar",
        "street": "Rua Getulio Vargas",
        "zipcode": "27943-380"
    },
    {
        "city": "Macae",
        "state": "RJ",
        "district": "Praia Campista",
        "street": "Rua Projetada",
        "zipcode": "27923-440"
    },
    {
        "city": "Macae",
        "state": "RJ",
        "district": "Granja Cavaleiros",
        "street": "Rua Julio De Oliveira Bitencourt",
        "zipcode": "27933-290"
    },
    {
        "city": "Macae",
        "state": "RJ",
        "district": "Gloria",
        "street": "Rua Jaime Camara Costa",
        "zipcode": "27937-640"
    },
    {
        "city": "Macae",
        "state": "RJ",
        "district": "Costa Do Sol",
        "street": "Rua Costa Do Sol",
        "zipcode": "27923-430"
    },
    {
        "city": "Macae",
        "state": "RJ",
        "district": "Granja Cavaleiros",
        "street": "Estrada K",
        "zipcode": "27933-110"
    },
    {
        "city": "Macae",
        "state": "RJ",
        "district": "Sol E Mar",
        "street": "Rua Ib (Sol E Mar)",
        "zipcode": "27940-020"
    },
    {
        "city": "Macae",
        "state": "RJ",
        "district": "Granja Cavaleiros",
        "street": "Rua Q",
        "zipcode": "27933-200"
    },
    {
        "city": "Macae",
        "state": "RJ",
        "district": "Parque Aeroporto",
        "street": "Rua Dois",
        "zipcode": "27950-050"
    },
    {
        "city": "Macae",
        "state": "RJ",
        "district": "Campo Do Oeste",
        "street": "Rua Mexico",
        "zipcode": "27936-070"
    },
    {
        "city": "Macae",
        "state": "RJ",
        "district": "Jardim Maringa",
        "street": "Rua E (C Davila)",
        "zipcode": "27936-290"
    },
    {
        "city": "Macae",
        "state": "RJ",
        "district": "Bela Vista",
        "street": "Rua Dois",
        "zipcode": "27936-030"
    },
    {
        "city": "Macae",
        "state": "RJ",
        "district": "Riviera Fluminense",
        "street": "Rua Luiz",
        "zipcode": "27937-455"
    },
    {
        "city": "Macae",
        "state": "RJ",
        "district": "Granja Cavaleiros",
        "street": "Rua Dolores",
        "zipcode": "27933-360"
    },
    {
        "city": "Macae",
        "state": "RJ",
        "district": "Jardim Maringa",
        "street": "Rua D",
        "zipcode": "27936-280"
    },
    {
        "city": "Macae",
        "state": "RJ",
        "district": "Campo Do Oeste",
        "street": "Rua Saquarema",
        "zipcode": "27936-400"
    },
    {
        "city": "Macae",
        "state": "RJ",
        "district": "Campo Do Oeste",
        "street": "Rua Belgica",
        "zipcode": "27935-440"
    },
    {
        "city": "Macae",
        "state": "RJ",
        "district": "Visconde De Araujo",
        "street": "Estrada Morro Grande",
        "zipcode": "27935-020"
    },
    {
        "city": "Macae",
        "state": "RJ",
        "district": "Sol E Mar",
        "street": "Rua Leopoldina Araujo",
        "zipcode": "27940-460"
    },
    {
        "city": "Macae",
        "state": "RJ",
        "district": "Gloria",
        "street": "Rua Jose Custodio Da Silva",
        "zipcode": "27937-650"
    },
    {
        "city": "Macae",
        "state": "RJ",
        "district": "Visconde De Araujo",
        "street": "Rua Duque De Caxias",
        "zipcode": "27940-351"
    },
    {
        "city": "Macae",
        "state": "RJ",
        "district": "Riviera Fluminense",
        "street": "Rua Cinco (Sul Mar)",
        "zipcode": "27937-530"
    },
    {
        "city": "Macae",
        "state": "RJ",
        "district": "Miramar",
        "street": "Rua Z",
        "zipcode": "27943-490"
    },
    {
        "city": "Macae",
        "state": "RJ",
        "district": "Miramar",
        "street": "Rua Dois",
        "zipcode": "27943-470"
    },
    {
        "city": "Macae",
        "state": "RJ",
        "district": "Sol E Mar",
        "street": "Rua Alcides Soares Dias",
        "zipcode": "27940-630"
    },
    {
        "city": "Macae",
        "state": "RJ",
        "district": "Jardim Maringa",
        "street": "Rua Prefeito Claudio Moacir",
        "zipcode": "27936-430"
    },
    {
        "city": "Macae",
        "state": "RJ",
        "district": "Granja Cavaleiros",
        "street": "Estrada L",
        "zipcode": "27933-100"
    },
    {
        "city": "Macae",
        "state": "RJ",
        "district": "Novo Visconde",
        "street": "Rua Oito",
        "zipcode": "27936-020"
    },
    {
        "city": "Macae",
        "state": "RJ",
        "district": "Lagoa",
        "street": "Rua Quatro",
        "zipcode": "27925-250"
    },
    {
        "city": "Macae",
        "state": "RJ",
        "district": "Jardim Maringa",
        "street": "Rua E",
        "zipcode": "27936-300"
    },
    {
        "city": "Macae",
        "state": "RJ",
        "district": "Jardim Maringa",
        "street": "Rua D (C Davila)",
        "zipcode": "27936-270"
    },
    {
        "city": "Macae",
        "state": "RJ",
        "district": "Riviera Fluminense",
        "street": "Rua Dois (Sul Mar)",
        "zipcode": "27937-500"
    },
    {
        "city": "Macae",
        "state": "RJ",
        "district": "Gloria",
        "street": "Rua Josias Ferreira Lima",
        "zipcode": "27937-660"
    },
    {
        "city": "Macae",
        "state": "RJ",
        "district": "Jardim Maringa",
        "street": "Rua G",
        "zipcode": "27936-200"
    },
    {
        "city": "Macae",
        "state": "RJ",
        "district": "Granja Cavaleiros",
        "street": "Rua D",
        "zipcode": "27933-220"
    },
    {
        "city": "Macae",
        "state": "RJ",
        "district": "Novo Visconde",
        "street": "Vila Rangel",
        "zipcode": "27936-390"
    },
    {
        "city": "Macae",
        "state": "RJ",
        "district": "Campo Do Oeste",
        "street": "Rua Nicaragua",
        "zipcode": "27935-470"
    },
    {
        "city": "Macae",
        "state": "RJ",
        "district": "Bela Vista",
        "street": "Rua Bela Vista",
        "zipcode": "27936-160"
    },
    {
        "city": "Macae",
        "state": "RJ",
        "district": "Visconde De Araujo",
        "street": "Rua Prof. Antonio C Araujo",
        "zipcode": "27936-370"
    },
    {
        "city": "Macae",
        "state": "RJ",
        "district": "Granja Cavaleiros",
        "street": "Rua Arquimedes De Souza Franca",
        "zipcode": "27933-130"
    },
    {
        "city": "Macae",
        "state": "RJ",
        "district": "Granja Cavaleiros",
        "street": "Estrada A",
        "zipcode": "27933-080"
    },
    {
        "city": "Macae",
        "state": "RJ",
        "district": "Jardim Maringa",
        "street": "Rua F",
        "zipcode": "27936-330"
    },
    {
        "city": "Macae",
        "state": "RJ",
        "district": "Novo Visconde",
        "street": "Rua Seis",
        "zipcode": "27935-400"
    },
    {
        "city": "Macae",
        "state": "RJ",
        "district": "Visconde De Araujo",
        "street": "Rua Duque De Caxias",
        "zipcode": "27943-030"
    },
    {
        "city": "Macae",
        "state": "RJ",
        "district": "Riviera Fluminense",
        "street": "Rua Agnes I. M. Guimaraes",
        "zipcode": "27937-140"
    },
    {
        "city": "Macae",
        "state": "RJ",
        "district": "Malvinas",
        "street": "Rua W",
        "zipcode": "27947-150"
    },
    {
        "city": "Macae",
        "state": "RJ",
        "district": "Bela Vista",
        "street": "Rua Dezenove",
        "zipcode": "27935-280"
    },
    {
        "city": "Macae",
        "state": "RJ",
        "district": "Campo Do Oeste",
        "street": "Rua Dinamarca",
        "zipcode": "27935-450"
    },
    {
        "city": "Macae",
        "state": "RJ",
        "district": "Parque Aeroporto",
        "street": "Rua Oito",
        "zipcode": "27950-090"
    },
    {
        "city": "Macae",
        "state": "RJ",
        "district": "Novo Visconde",
        "street": "Rua Um",
        "zipcode": "27935-380"
    },
    {
        "city": "Macae",
        "state": "RJ",
        "district": "Novo Visconde",
        "street": "Rua Secretario Salobrand",
        "zipcode": "27935-490"
    },
    {
        "city": "Macae",
        "state": "RJ",
        "district": "Jardim Maringa",
        "street": "Rua C",
        "zipcode": "27935-060"
    },
    {
        "city": "Macae",
        "state": "RJ",
        "district": "Miramar",
        "street": "Rua Santos Moreira",
        "zipcode": "27943-201"
    },
    {
        "city": "Macae",
        "state": "RJ",
        "district": "Gloria",
        "street": "Rua Guarani",
        "zipcode": "27937-610"
    },
    {
        "city": "Macae",
        "state": "RJ",
        "district": "Riviera Fluminense",
        "street": "Rua Artur Brochado",
        "zipcode": "27937-550"
    },
    {
        "city": "Macae",
        "state": "RJ",
        "district": "Riviera Fluminense",
        "street": "Estrada E",
        "zipcode": "27937-040"
    },
    {
        "city": "Macae",
        "state": "RJ",
        "district": "Sol E Mar",
        "street": "Avenida Dois (Campo Grande)",
        "zipcode": "27940-540"
    },
    {
        "city": "Macae",
        "state": "RJ",
        "district": "Granja Cavaleiros",
        "street": "Rua A",
        "zipcode": "27930-240"
    },
    {
        "city": "Macae",
        "state": "RJ",
        "district": "Bela Vista",
        "street": "Rua C (C Davila)",
        "zipcode": "27936-260"
    },
    {
        "city": "Macae",
        "state": "RJ",
        "district": "Granja Cavaleiros",
        "street": "Rua Custodio Alves Da Silva",
        "zipcode": "27933-210"
    },
    {
        "city": "Macae",
        "state": "RJ",
        "district": "Centro",
        "street": "Rua Conde De Araruama",
        "zipcode": "27943-590"
    },
    {
        "city": "Macae",
        "state": "RJ",
        "district": "Malvinas",
        "street": "Rua E",
        "zipcode": "27947-140"
    },
    {
        "city": "Macae",
        "state": "RJ",
        "district": "Parque Aeroporto",
        "street": "Rua Hildebrando Alves Barbosa",
        "zipcode": "27953-310"
    },
    {
        "city": "Macae",
        "state": "RJ",
        "district": "Parque Aeroporto",
        "street": "Rua Jose Inocencio De Andrade",
        "zipcode": "27953-330"
    },
    {
        "city": "Macae",
        "state": "RJ",
        "district": "Malvinas",
        "street": "Rua T",
        "zipcode": "27947-180"
    },
    {
        "city": "Macae",
        "state": "RJ",
        "district": "Aroeiras",
        "street": "Estrada Virgem Santa",
        "zipcode": "27946-470"
    },
    {
        "city": "Macae",
        "state": "RJ",
        "district": "Parque Aeroporto",
        "street": "Rua Hildo Ramalho",
        "zipcode": "27953-190"
    },
    {
        "city": "Macae",
        "state": "RJ",
        "district": "Visconde De Araujo",
        "street": "Praça Alberto De Souza",
        "zipcode": "27943-780"
    },
    {
        "city": "Macae",
        "state": "RJ",
        "district": "Parque Aeroporto",
        "street": "Rua Cinquenta E Quatro",
        "zipcode": "27953-030"
    },
    {
        "city": "Macae",
        "state": "RJ",
        "district": "Parque Aeroporto",
        "street": "Rua Julia Da Silva",
        "zipcode": "27953-110"
    },
    {
        "city": "Macae",
        "state": "RJ",
        "district": "Aroeiras",
        "street": "Rua Joaquina Alberto De Brito Pinto",
        "zipcode": "27946-420"
    },
    {
        "city": "Macae",
        "state": "RJ",
        "district": "Parque Aeroporto",
        "street": "Rua Geraldo Menecucci De Oliveira",
        "zipcode": "27950-510"
    },
    {
        "city": "Macae",
        "state": "RJ",
        "district": "Malvinas",
        "street": "Rua Sao Jose",
        "zipcode": "27947-260"
    },
    {
        "city": "Macae",
        "state": "RJ",
        "district": "Parque Aeroporto",
        "street": "Rua Fabio De Azevedo",
        "zipcode": "27953-180"
    },
    {
        "city": "Macae",
        "state": "RJ",
        "district": "Botafogo",
        "street": "Rua Dos Pinheiros",
        "zipcode": "27946-630"
    },
    {
        "city": "Macae",
        "state": "RJ",
        "district": "Botafogo",
        "street": "Rua W Quatro",
        "zipcode": "27946-660"
    },
    {
        "city": "Macae",
        "state": "RJ",
        "district": "Malvinas",
        "street": "Rua Dos Servidores",
        "zipcode": "27947-250"
    },
    {
        "city": "Macae",
        "state": "RJ",
        "district": "Botafogo",
        "street": "Rua W Onze",
        "zipcode": "27946-690"
    },
    {
        "city": "Macae",
        "state": "RJ",
        "district": "Parque Aeroporto",
        "street": "Rua Trinta E Dois",
        "zipcode": "27950-440"
    },
    {
        "city": "Macae",
        "state": "RJ",
        "district": "Aroeiras",
        "street": "Rua Alcides Mourao",
        "zipcode": "27945-400"
    },
    {
        "city": "Macae",
        "state": "RJ",
        "district": "Parque Aeroporto",
        "street": "Rua Cinquenta E Cinco",
        "zipcode": "27953-040"
    },
    {
        "city": "Macae",
        "state": "RJ",
        "district": "Aroeiras",
        "street": "Rua Alcides Mourao",
        "zipcode": "27946-380"
    },
    {
        "city": "Macae",
        "state": "RJ",
        "district": "Malvinas",
        "street": "Rua A",
        "zipcode": "27947-190"
    },
    {
        "city": "Macae",
        "state": "RJ",
        "district": "Visconde De Araujo",
        "street": "Rua Projetada A",
        "zipcode": "27943-650"
    },
    {
        "city": "Macae",
        "state": "RJ",
        "district": "Malvinas",
        "street": "Rua Um",
        "zipcode": "27947-110"
    },
    {
        "city": "Macae",
        "state": "RJ",
        "district": "Visconde De Araujo",
        "street": "Rua Getulio Vargas",
        "zipcode": "27943-140"
    },
    {
        "city": "Macae",
        "state": "RJ",
        "district": "Malvinas",
        "street": "Rua Projetada Quatro",
        "zipcode": "27946-760"
    },
    {
        "city": "Macae",
        "state": "RJ",
        "district": "Visconde De Araujo",
        "street": "Rua Adalberto B Amaral",
        "zipcode": "27943-600"
    },
    {
        "city": "Macae",
        "state": "RJ",
        "district": "Botafogo",
        "street": "Rua C",
        "zipcode": "27946-650"
    },
    {
        "city": "Macae",
        "state": "RJ",
        "district": "Parque Aeroporto",
        "street": "Rua Limonides De Souza Vieira",
        "zipcode": "27953-450"
    },
    {
        "city": "Macae",
        "state": "RJ",
        "district": "Parque Aeroporto",
        "street": "Rua Sessenta E Cinco",
        "zipcode": "27950-250"
    },
    {
        "city": "Macae",
        "state": "RJ",
        "district": "Miramar",
        "street": "Rua Roma",
        "zipcode": "27943-571"
    },
    {
        "city": "Macae",
        "state": "RJ",
        "district": "Parque Aeroporto",
        "street": "Rua Sessenta E Nove",
        "zipcode": "27950-200"
    },
    {
        "city": "Macae",
        "state": "RJ",
        "district": "Parque Aeroporto",
        "street": "Rua Oitenta E Cinco",
        "zipcode": "27953-390"
    },
    {
        "city": "Macae",
        "state": "RJ",
        "district": "Parque Aeroporto",
        "street": "Rua Setenta E Seis",
        "zipcode": "27950-370"
    },
    {
        "city": "Macae",
        "state": "RJ",
        "district": "Parque Aeroporto",
        "street": "Rua Oitenta",
        "zipcode": "27953-200"
    },
    {
        "city": "Macae",
        "state": "RJ",
        "district": "Parque Aeroporto",
        "street": "Rua Plinio Fernandes",
        "zipcode": "27953-220"
    },
    {
        "city": "Macae",
        "state": "RJ",
        "district": "Parque Aeroporto",
        "street": "Rua Quarenta E Sete",
        "zipcode": "27950-190"
    },
    {
        "city": "Macae",
        "state": "RJ",
        "district": "Parque Aeroporto",
        "street": "Rua Sessenta E Sete",
        "zipcode": "27950-230"
    },
    {
        "city": "Macae",
        "state": "RJ",
        "district": "Parque Aeroporto",
        "street": "Rua Oitenta E Sete",
        "zipcode": "27953-410"
    },
    {
        "city": "Macae",
        "state": "RJ",
        "district": "Visconde De Araujo",
        "street": "Rua Margarida C Santos",
        "zipcode": "27943-640"
    },
    {
        "city": "Macae",
        "state": "RJ",
        "district": "Parque Aeroporto",
        "street": "Rua Tancredo Neves",
        "zipcode": "27950-060"
    },
    {
        "city": "Macae",
        "state": "RJ",
        "district": "Parque Aeroporto",
        "street": "Rua Noventa A",
        "zipcode": "27953-080"
    },
    {
        "city": "Macae",
        "state": "RJ",
        "district": "Malvinas",
        "street": "Rua Dois",
        "zipcode": "27947-100"
    },
    {
        "city": "Macae",
        "state": "RJ",
        "district": "Riviera Fluminense",
        "street": "Rua Dois (Sum House)",
        "zipcode": "27937-470"
    },
    {
        "city": "Macae",
        "state": "RJ",
        "district": "Parque Aeroporto",
        "street": "Rua Cinquenta E Um",
        "zipcode": "27950-150"
    },
    {
        "city": "Macae",
        "state": "RJ",
        "district": "Parque Aeroporto",
        "street": "Rua Cinquenta E Dois",
        "zipcode": "27950-340"
    },
    {
        "city": "Macae",
        "state": "RJ",
        "district": "Visconde De Araujo",
        "street": "Rua Leopoldina De Araujo",
        "zipcode": "27943-630"
    },
    {
        "city": "Macae",
        "state": "RJ",
        "district": "Visconde De Araujo",
        "street": "Rua Laranjeiras",
        "zipcode": "27943-770"
    },
    {
        "city": "Macae",
        "state": "RJ",
        "district": "Aroeiras",
        "street": "Rua W",
        "zipcode": "27946-450"
    },
    {
        "city": "Macae",
        "state": "RJ",
        "district": "Miramar",
        "street": "Rua Sebastiao Do Alto",
        "zipcode": "27943-510"
    },
    {
        "city": "Macae",
        "state": "RJ",
        "district": "Parque Aeroporto",
        "street": "Rua Elisio Dias Curvelo",
        "zipcode": "27950-500"
    },
    {
        "city": "Macae",
        "state": "RJ",
        "district": "Aroeiras",
        "street": "Rua A",
        "zipcode": "27945-160"
    },
    {
        "city": "Macae",
        "state": "RJ",
        "district": "Visconde De Araujo",
        "street": "Rua Coronel Jose De Lima",
        "zipcode": "27943-680"
    },
    {
        "city": "Macae",
        "state": "RJ",
        "district": "Miramar",
        "street": "Vila Pinheiro",
        "zipcode": "27943-570"
    },
    {
        "city": "Macae",
        "state": "RJ",
        "district": "Botafogo",
        "street": "Rua W Cinco",
        "zipcode": "27946-670"
    },
    {
        "city": "Macae",
        "state": "RJ",
        "district": "Malvinas",
        "street": "Avenida Vinte E Seis",
        "zipcode": "27947-060"
    },
    {
        "city": "Macae",
        "state": "RJ",
        "district": "Malvinas",
        "street": "Rua R",
        "zipcode": "27947-160"
    },
    {
        "city": "Macae",
        "state": "RJ",
        "district": "Visconde De Araujo",
        "street": "Rua General Julio Maximiniano",
        "zipcode": "27943-620"
    },
    {
        "city": "Macae",
        "state": "RJ",
        "district": "Malvinas",
        "street": "Rua Cinco",
        "zipcode": "27947-120"
    },
    {
        "city": "Macae",
        "state": "RJ",
        "district": "Parque Aeroporto",
        "street": "Rua Onze",
        "zipcode": "27950-110"
    },
    {
        "city": "Macae",
        "state": "RJ",
        "district": "Jardim Santo Antonio",
        "street": "Rua Neves Ribeiro",
        "zipcode": "27945-350"
    },
    {
        "city": "Macae",
        "state": "RJ",
        "district": "Parque Aeroporto",
        "street": "Rua Cinquenta E Seis A",
        "zipcode": "27953-060"
    },
    {
        "city": "Macae",
        "state": "RJ",
        "district": "Parque Aeroporto",
        "street": "Rua Antonio Agostinho Ferreira",
        "zipcode": "27950-470"
    },
    {
        "city": "Macae",
        "state": "RJ",
        "district": "Parque Aeroporto",
        "street": "Rua Braulino Simoes",
        "zipcode": "27953-170"
    },
    {
        "city": "Macae",
        "state": "RJ",
        "district": "Parque Aeroporto",
        "street": "Rua Hildebrando Alves Barbosa",
        "zipcode": "27955-410"
    },
    {
        "city": "Macae",
        "state": "RJ",
        "district": "Parque Aeroporto",
        "street": "Rua Nelson Correia Brum",
        "zipcode": "27955-510"
    },
    {
        "city": "Macae",
        "state": "RJ",
        "district": "Parque Aeroporto",
        "street": "Rua Setenta E Cinco",
        "zipcode": "27950-450"
    },
    {
        "city": "Macae",
        "state": "RJ",
        "district": "Parque Aeroporto",
        "street": "Rua Noventa E Quatro",
        "zipcode": "27955-250"
    },
    {
        "city": "Macae",
        "state": "RJ",
        "district": "Parque Aeroporto",
        "street": "Rua Cinquenta E Oito",
        "zipcode": "27955-060"
    },
    {
        "city": "Macae",
        "state": "RJ",
        "district": "Parque Aeroporto",
        "street": "Rua Noventa E Tres",
        "zipcode": "27955-260"
    },
    {
        "city": "Macae",
        "state": "RJ",
        "district": "Parque Aeroporto",
        "street": "Rua Vinte E Sete",
        "zipcode": "27955-230"
    },
    {
        "city": "Macae",
        "state": "RJ",
        "district": "Parque Aeroporto",
        "street": "Rua Cento E Quatro",
        "zipcode": "27955-380"
    },
    {
        "city": "Macae",
        "state": "RJ",
        "district": "Parque Aeroporto",
        "street": "Rua Martins",
        "zipcode": "27955-470"
    },
    {
        "city": "Macae",
        "state": "RJ",
        "district": "Parque Aeroporto",
        "street": "Rua Quarenta E Dois A",
        "zipcode": "27953-150"
    },
    {
        "city": "Macae",
        "state": "RJ",
        "district": "Parque Aeroporto",
        "street": "Rua Quarenta E Seis",
        "zipcode": "27955-160"
    },
    {
        "city": "Macae",
        "state": "RJ",
        "district": "Parque Aeroporto",
        "street": "Rua Tres",
        "zipcode": "27950-141"
    },
    {
        "city": "Macae",
        "state": "RJ",
        "district": "Parque Aeroporto",
        "street": "Rua Trinta",
        "zipcode": "27955-200"
    },
    {
        "city": "Macae",
        "state": "RJ",
        "district": "Parque Aeroporto",
        "street": "Rua Oitenta E Quatro",
        "zipcode": "27953-380"
    },
    {
        "city": "Macae",
        "state": "RJ",
        "district": "Parque Aeroporto",
        "street": "Rua Vinte Nove",
        "zipcode": "27955-210"
    },
    {
        "city": "Macae",
        "state": "RJ",
        "district": "Parque Aeroporto",
        "street": "Rua Sebastiao C Carneiro",
        "zipcode": "27953-400"
    },
    {
        "city": "Macae",
        "state": "RJ",
        "district": "Parque Aeroporto",
        "street": "Rua Alvaro De Morais",
        "zipcode": "27950-170"
    },
    {
        "city": "Macae",
        "state": "RJ",
        "district": "Parque Aeroporto",
        "street": "Rua Cento E Dois",
        "zipcode": "27955-360"
    },
    {
        "city": "Macae",
        "state": "RJ",
        "district": "Parque Aeroporto",
        "street": "Rua Sebastiao De Souza Lima",
        "zipcode": "27950-210"
    },
    {
        "city": "Macae",
        "state": "RJ",
        "district": "Parque Aeroporto",
        "street": "Rua Vinte E Dois",
        "zipcode": "27953-260"
    },
    {
        "city": "Macae",
        "state": "RJ",
        "district": "Parque Aeroporto",
        "street": "Rua Um",
        "zipcode": "27950-130"
    },
    {
        "city": "Macae",
        "state": "RJ",
        "district": "Parque Aeroporto",
        "street": "Rua Prudencio Reid",
        "zipcode": "27953-230"
    },
    {
        "city": "Macae",
        "state": "RJ",
        "district": "Parque Aeroporto",
        "street": "Rua Sebastiao De Lima",
        "zipcode": "27950-390"
    },
    {
        "city": "Macae",
        "state": "RJ",
        "district": "Parque Aeroporto",
        "street": "Rua Setenta E Sete",
        "zipcode": "27950-360"
    },
    {
        "city": "Macae",
        "state": "RJ",
        "district": "Parque Aeroporto",
        "street": "Rua Setenta E Um",
        "zipcode": "27950-300"
    },
    {
        "city": "Macae",
        "state": "RJ",
        "district": "Parque Aeroporto",
        "street": "Rua Noventa E Cinco",
        "zipcode": "27955-240"
    },
    {
        "city": "Macae",
        "state": "RJ",
        "district": "Parque Aeroporto",
        "street": "Rua Cento E Um",
        "zipcode": "27955-350"
    },
    {
        "city": "Macae",
        "state": "RJ",
        "district": "Parque Aeroporto",
        "street": "Rua Cento E Oito",
        "zipcode": "27955-020"
    },
    {
        "city": "Macae",
        "state": "RJ",
        "district": "Parque Aeroporto",
        "street": "Rua Cinquenta E Nove",
        "zipcode": "27955-070"
    },
    {
        "city": "Macae",
        "state": "RJ",
        "district": "Parque Aeroporto",
        "street": "Rua Rossine F Medeiros",
        "zipcode": "27953-100"
    },
    {
        "city": "Macae",
        "state": "RJ",
        "district": "Parque Aeroporto",
        "street": "Rua Projetada Vinte E Seis",
        "zipcode": "27955-400"
    },
    {
        "city": "Macae",
        "state": "RJ",
        "district": "Parque Aeroporto",
        "street": "Rua Sessenta E Seis",
        "zipcode": "27950-240"
    },
    {
        "city": "Macae",
        "state": "RJ",
        "district": "Parque Aeroporto",
        "street": "Rua Trinta E Seis",
        "zipcode": "27950-290"
    },
    {
        "city": "Macae",
        "state": "RJ",
        "district": "Parque Aeroporto",
        "street": "Rua Arnaldo Pinto",
        "zipcode": "27955-480"
    },
    {
        "city": "Macae",
        "state": "RJ",
        "district": "Parque Aeroporto",
        "street": "Praça Sem Nome",
        "zipcode": "27950-420"
    },
    {
        "city": "Macae",
        "state": "RJ",
        "district": "Parque Aeroporto",
        "street": "Rua Sessenta",
        "zipcode": "27955-080"
    },
    {
        "city": "Macae",
        "state": "RJ",
        "district": "Parque Aeroporto",
        "street": "Rua Dezoito",
        "zipcode": "27955-300"
    },
    {
        "city": "Macae",
        "state": "RJ",
        "district": "Parque Aeroporto",
        "street": "Rua Jose De Freitas Caldas",
        "zipcode": "27950-490"
    },
    {
        "city": "Macae",
        "state": "RJ",
        "district": "Parque Aeroporto",
        "street": "Rua Cinquenta E Sete",
        "zipcode": "27953-070"
    },
    {
        "city": "Macae",
        "state": "RJ",
        "district": "Parque Aeroporto",
        "street": "Rua Quarenta E Um",
        "zipcode": "27953-160"
    },
    {
        "city": "Macae",
        "state": "RJ",
        "district": "Parque Aeroporto",
        "street": "Rua Durvalina Moura De Andrade",
        "zipcode": "27955-290"
    },
    {
        "city": "Macae",
        "state": "RJ",
        "district": "Parque Aeroporto",
        "street": "Rua Francisco Matos",
        "zipcode": "27955-440"
    },
    {
        "city": "Macae",
        "state": "RJ",
        "district": "Parque Aeroporto",
        "street": "Rua Sessenta E Oito",
        "zipcode": "27950-220"
    },
    {
        "city": "Macae",
        "state": "RJ",
        "district": "Parque Aeroporto",
        "street": "Rua Noventa E Oito",
        "zipcode": "27955-100"
    },
    {
        "city": "Macae",
        "state": "RJ",
        "district": "Parque Aeroporto",
        "street": "Rua Ivandro Luzio A Drumond",
        "zipcode": "27955-500"
    },
    {
        "city": "Macae",
        "state": "RJ",
        "district": "Parque Aeroporto",
        "street": "Rua Quarenta",
        "zipcode": "27953-130"
    },
    {
        "city": "Macae",
        "state": "RJ",
        "district": "Parque Aeroporto",
        "street": "Rua Noventa E Sete",
        "zipcode": "27955-110"
    },
    {
        "city": "Macae",
        "state": "RJ",
        "district": "Parque Aeroporto",
        "street": "Rua Aristoteles De Melo",
        "zipcode": "27950-480"
    },
    {
        "city": "Macae",
        "state": "RJ",
        "district": "Parque Aeroporto",
        "street": "Rua Cento E Onze",
        "zipcode": "27953-320"
    },
    {
        "city": "Macae",
        "state": "RJ",
        "district": "Parque Aeroporto",
        "street": "Rua Sessenta E Um",
        "zipcode": "27955-010"
    },
    {
        "city": "Macae",
        "state": "RJ",
        "district": "Parque Aeroporto",
        "street": "Rua Noventa E Dois",
        "zipcode": "27955-270"
    },
    {
        "city": "Macae",
        "state": "RJ",
        "district": "Parque Aeroporto",
        "street": "Rua Quinze",
        "zipcode": "27953-360"
    },
    {
        "city": "Macae",
        "state": "RJ",
        "district": "Parque Aeroporto",
        "street": "Rua Rui Murtinho De Almeida",
        "zipcode": "27955-490"
    },
    {
        "city": "Macae",
        "state": "RJ",
        "district": "Parque Aeroporto",
        "street": "Rua Treze",
        "zipcode": "27953-340"
    },
    {
        "city": "Macae",
        "state": "RJ",
        "district": "Parque Aeroporto",
        "street": "Rua Vinte E Tres",
        "zipcode": "27953-250"
    },
    {
        "city": "Macae",
        "state": "RJ",
        "district": "Parque Aeroporto",
        "street": "Rua Simonides De Souza Vieira",
        "zipcode": "27953-120"
    },
    {
        "city": "Macae",
        "state": "RJ",
        "district": "Parque Aeroporto",
        "street": "Rua Cento E Seis",
        "zipcode": "27955-040"
    },
    {
        "city": "Macae",
        "state": "RJ",
        "district": "Parque Aeroporto",
        "street": "Rua Trinta E Um",
        "zipcode": "27955-190"
    },
    {
        "city": "Macae",
        "state": "RJ",
        "district": "Parque Aeroporto",
        "street": "Rua Cento E Cinquenta",
        "zipcode": "27950-160"
    },
    {
        "city": "Macae",
        "state": "RJ",
        "district": "Parque Aeroporto",
        "street": "Rua Quatorze",
        "zipcode": "27953-350"
    },
    {
        "city": "Macae",
        "state": "RJ",
        "district": "Carapebus",
        "street": "Rua Salim Salem Bichara",
        "zipcode": "27963-100"
    },
    {
        "city": "Macae",
        "state": "RJ",
        "district": "Carapebus",
        "street": "Rua Sete De Setembro",
        "zipcode": "27963-130"
    },
    {
        "city": "Macae",
        "state": "RJ",
        "district": "Carapebus",
        "street": "Rua Marlen",
        "zipcode": "27960-270"
    },
    {
        "city": "Macae",
        "state": "RJ",
        "district": "Parque Aeroporto",
        "street": "Avenida Atlantica (Barra)",
        "zipcode": "27970-040"
    },
    {
        "city": "Macae",
        "state": "RJ",
        "district": "Barra",
        "street": "Rodovia Amaral Peixoto",
        "zipcode": "27973-030"
    },
    {
        "city": "Macae",
        "state": "RJ",
        "district": "Barra",
        "street": "Avenida Beira Mar",
        "zipcode": "27973-430"
    },
    {
        "city": "Macae",
        "state": "RJ",
        "district": "Barra",
        "street": "Rua Jose Tito",
        "zipcode": "27973-260"
    },
    {
        "city": "Macae",
        "state": "RJ",
        "district": "Barra",
        "street": "Rua Francisco Tereza Filho",
        "zipcode": "27973-270"
    },
    {
        "city": "Macae",
        "state": "RJ",
        "district": "Barra",
        "street": "Rua Otacilio De Oliveira",
        "zipcode": "27973-320"
    },
    {
        "city": "Macae",
        "state": "RJ",
        "district": "Barra",
        "street": "Rua Jose De Oliveira",
        "zipcode": "27973-330"
    },
    {
        "city": "Macae",
        "state": "RJ",
        "district": "Barra",
        "street": "Rua Manoel Pacheco Resende",
        "zipcode": "27973-470"
    },
    {
        "city": "Macae",
        "state": "RJ",
        "district": "Barra",
        "street": "Travessa Gesuina Barreto Antunes",
        "zipcode": "27973-070"
    },
    {
        "city": "Macae",
        "state": "RJ",
        "district": "Parque Aeroporto",
        "street": "Avenida W",
        "zipcode": "27970-270"
    },
    {
        "city": "Macae",
        "state": "RJ",
        "district": "Carapebus",
        "street": "Rua Vila Marlene",
        "zipcode": "27963-220"
    },
    {
        "city": "Macae",
        "state": "RJ",
        "district": "Carapebus",
        "street": "Rua Pecuaria Da",
        "zipcode": "27963-050"
    },
    {
        "city": "Macae",
        "state": "RJ",
        "district": "Parque Aeroporto",
        "street": "Avenida W",
        "zipcode": "27970-200"
    },
    {
        "city": "Macae",
        "state": "RJ",
        "district": "Carapebus",
        "street": "Rua W",
        "zipcode": "27963-230"
    },
    {
        "city": "Macae",
        "state": "RJ",
        "district": "Parque Aeroporto",
        "street": "Avenida W",
        "zipcode": "27970-240"
    },
    {
        "city": "Macae",
        "state": "RJ",
        "district": "Parque Aeroporto",
        "street": "Avenida W",
        "zipcode": "27970-260"
    },
    {
        "city": "Macae",
        "state": "RJ",
        "district": "Parque Aeroporto",
        "street": "Avenida W",
        "zipcode": "27970-190"
    },
    {
        "city": "Macae",
        "state": "RJ",
        "district": "Parque Aeroporto",
        "street": "Avenida W",
        "zipcode": "27970-070"
    },
    {
        "city": "Macae",
        "state": "RJ",
        "district": "Parque Aeroporto",
        "street": "Rua Tres",
        "zipcode": "27955-011"
    },
    {
        "city": "Macae",
        "state": "RJ",
        "district": "Carapebus",
        "street": "Rua U",
        "zipcode": "27963-190"
    },
    {
        "city": "Macae",
        "state": "RJ",
        "district": "Carapebus",
        "street": "Rua W",
        "zipcode": "27963-260"
    },
    {
        "city": "Macae",
        "state": "RJ",
        "district": "Parque Aeroporto",
        "street": "Avenida W",
        "zipcode": "27970-150"
    },
    {
        "city": "Macae",
        "state": "RJ",
        "district": "Barra",
        "street": "Travessa Rubem De Almeida Pereira",
        "zipcode": "27973-090"
    },
    {
        "city": "Macae",
        "state": "RJ",
        "district": "Parque Aeroporto",
        "street": "Avenida W",
        "zipcode": "27970-080"
    },
    {
        "city": "Macae",
        "state": "RJ",
        "district": "Parque Aeroporto",
        "street": "Avenida W",
        "zipcode": "27970-180"
    },
    {
        "city": "Macae",
        "state": "RJ",
        "district": "Parque Aeroporto",
        "street": "Avenida W",
        "zipcode": "27970-050"
    },
    {
        "city": "Macae",
        "state": "RJ",
        "district": "Barra",
        "street": "Travessa B Fidelis Rozendo Barcelos",
        "zipcode": "27973-060"
    },
    {
        "city": "Macae",
        "state": "RJ",
        "district": "Parque Aeroporto",
        "street": "Avenida W",
        "zipcode": "27970-160"
    },
    {
        "city": "Macae",
        "state": "RJ",
        "district": "Parque Aeroporto",
        "street": "Rua Tancredo Neves",
        "zipcode": "27955-180"
    },
    {
        "city": "Macae",
        "state": "RJ",
        "district": "Parque Aeroporto",
        "street": "Rua Vinte",
        "zipcode": "27955-320"
    },
    {
        "city": "Macae",
        "state": "RJ",
        "district": "Parque Aeroporto",
        "street": "Rua Prof. Antonio Alves Parada",
        "zipcode": "27955-000"
    },
    {
        "city": "Macae",
        "state": "RJ",
        "district": "Parque Aeroporto",
        "street": "Avenida W",
        "zipcode": "27970-110"
    },
    {
        "city": "Macae",
        "state": "RJ",
        "district": "Carapebus",
        "street": "Rua Pinto De Souza",
        "zipcode": "27963-060"
    },
    {
        "city": "Macae",
        "state": "RJ",
        "district": "Carapebus",
        "street": "Rua W",
        "zipcode": "27963-270"
    },
    {
        "city": "Macae",
        "state": "RJ",
        "district": "Barra",
        "street": "Rua Benedito F. Coutinho",
        "zipcode": "27973-370"
    },
    {
        "city": "Macae",
        "state": "RJ",
        "district": "Barra",
        "street": "Rua Roberto P Da Silva",
        "zipcode": "27973-480"
    },
    {
        "city": "Macae",
        "state": "RJ",
        "district": "Carapebus",
        "street": "Rua Andre Luiz",
        "zipcode": "27960-360"
    },
    {
        "city": "Macae",
        "state": "RJ",
        "district": "Carapebus",
        "street": "Rua Silva Drumont",
        "zipcode": "27963-140"
    },
    {
        "city": "Macae",
        "state": "RJ",
        "district": "Carapebus",
        "street": "Rua U",
        "zipcode": "27963-180"
    },
    {
        "city": "Macae",
        "state": "RJ",
        "district": "Carapebus",
        "street": "Rua Todos Os Santos",
        "zipcode": "27963-170"
    },
    {
        "city": "Macae",
        "state": "RJ",
        "district": "Barra",
        "street": "Avenida Luiz Lirio",
        "zipcode": "27973-010"
    },
    {
        "city": "Macae",
        "state": "RJ",
        "district": "Carapebus",
        "street": "Rua Joselma",
        "zipcode": "27960-230"
    },
    {
        "city": "Macae",
        "state": "RJ",
        "district": "Parque Aeroporto",
        "street": "Rua Benedito Carlos Ferreira",
        "zipcode": "27955-451"
    },
    {
        "city": "Macae",
        "state": "RJ",
        "district": "Parque Aeroporto",
        "street": "Rua Dezenove",
        "zipcode": "27955-310"
    },
    {
        "city": "Macae",
        "state": "RJ",
        "district": "Parque Aeroporto",
        "street": "Rua Quarenta E Cinco",
        "zipcode": "27955-150"
    },
    {
        "city": "Macae",
        "state": "RJ",
        "district": "Parque Aeroporto",
        "street": "Rua W",
        "zipcode": "27970-390"
    },
    {
        "city": "Macae",
        "state": "RJ",
        "district": "Carapebus",
        "street": "Rua Valdomiro Melchiades",
        "zipcode": "27960-330"
    },
    {
        "city": "Macae",
        "state": "RJ",
        "district": "Parque Aeroporto",
        "street": "Avenida W",
        "zipcode": "27970-130"
    },
    {
        "city": "Macae",
        "state": "RJ",
        "district": "Carapebus",
        "street": "Rua U",
        "zipcode": "27963-210"
    },
    {
        "city": "Macae",
        "state": "RJ",
        "district": "Parque Aeroporto",
        "street": "Avenida W",
        "zipcode": "27970-250"
    },
    {
        "city": "Macae",
        "state": "RJ",
        "district": "Parque Aeroporto",
        "street": "Avenida W",
        "zipcode": "27970-220"
    },
    {
        "city": "Macae",
        "state": "RJ",
        "district": "Barra",
        "street": "Ilha Caieira",
        "zipcode": "27973-020"
    },
    {
        "city": "Macae",
        "state": "RJ",
        "district": "Barra",
        "street": "Travessa Seis",
        "zipcode": "27973-100"
    },
    {
        "city": "Macae",
        "state": "RJ",
        "district": "Carapebus",
        "street": "Estrada Morro Do Cabeca",
        "zipcode": "27960-320"
    },
    {
        "city": "Macae",
        "state": "RJ",
        "district": "Barra",
        "street": "Rua Benedito Alves Ribeiro",
        "zipcode": "27973-340"
    },
    {
        "city": "Macae",
        "state": "RJ",
        "district": "Carapebus",
        "street": "Rua Julio Pedro Sobrinho",
        "zipcode": "27960-240"
    },
    {
        "city": "Macae",
        "state": "RJ",
        "district": "Carapebus",
        "street": "Rua W",
        "zipcode": "27963-280"
    },
    {
        "city": "Macae",
        "state": "RJ",
        "district": "Parque Aeroporto",
        "street": "Avenida W",
        "zipcode": "27970-100"
    },
    {
        "city": "Macae",
        "state": "RJ",
        "district": "Carapebus",
        "street": "Rua J Souza",
        "zipcode": "27960-190"
    },
    {
        "city": "Macae",
        "state": "RJ",
        "district": "Parque Aeroporto",
        "street": "Rua Carmem Silva",
        "zipcode": "27955-340"
    },
    {
        "city": "Macae",
        "state": "RJ",
        "district": "Barra",
        "street": "Rua Salvador Sampaio",
        "zipcode": "27973-280"
    },
    {
        "city": "Macae",
        "state": "RJ",
        "district": "Parque Aeroporto",
        "street": "Rua B (Imburo)",
        "zipcode": "27970-300"
    },
    {
        "city": "Macae",
        "state": "RJ",
        "district": "Parque Aeroporto",
        "street": "Rua D (Imburo)",
        "zipcode": "27970-320"
    },
    {
        "city": "Macae",
        "state": "RJ",
        "district": "Parque Aeroporto",
        "street": "Rua E (Imburo)",
        "zipcode": "27970-330"
    },
    {
        "city": "Macae",
        "state": "RJ",
        "district": "Barra",
        "street": "Travessa A",
        "zipcode": "27975-180"
    },
    {
        "city": "Macae",
        "state": "RJ",
        "district": "Barra",
        "street": "Rua Eurico Barbosa De Souza",
        "zipcode": "27975-100"
    },
    {
        "city": "Macae",
        "state": "RJ",
        "district": "Barra",
        "street": "Rua Medeiros",
        "zipcode": "27975-280"
    },
    {
        "city": "Macae",
        "state": "RJ",
        "district": "Barra",
        "street": "Rua Cinco",
        "zipcode": "27975-350"
    },
    {
        "city": "Macae",
        "state": "RJ",
        "district": "Barra",
        "street": "Rua Raimundo Peixoto Lins",
        "zipcode": "27975-140"
    },
    {
        "city": "Macae",
        "state": "RJ",
        "district": "Barra",
        "street": "Travessa E",
        "zipcode": "27975-220"
    },
    {
        "city": "Macae",
        "state": "RJ",
        "district": "Barra",
        "street": "Rua Calixto Fernandes Das Neves",
        "zipcode": "27975-020"
    },
    {
        "city": "Macae",
        "state": "RJ",
        "district": "Barra",
        "street": "Rua Crisanto De Carvalho",
        "zipcode": "27975-040"
    },
    {
        "city": "Macae",
        "state": "RJ",
        "district": "Barra",
        "street": "Travessa Dez",
        "zipcode": "27973-140"
    },
    {
        "city": "Macae",
        "state": "RJ",
        "district": "Barra",
        "street": "Rua Otanano Gomes Vieira",
        "zipcode": "27975-050"
    },
    {
        "city": "Macae",
        "state": "RJ",
        "district": "Barra",
        "street": "Travessa D",
        "zipcode": "27975-210"
    },
    {
        "city": "Macae",
        "state": "RJ",
        "district": "Barra",
        "street": "Travessa Dezesseis",
        "zipcode": "27973-200"
    },
    {
        "city": "Macae",
        "state": "RJ",
        "district": "Barra",
        "street": "Rua Do Matadouro",
        "zipcode": "27973-460"
    },
    {
        "city": "Macae",
        "state": "RJ",
        "district": "Barra",
        "street": "Rua Dr Marques Monteiro",
        "zipcode": "27973-240"
    },
    {
        "city": "Macae",
        "state": "RJ",
        "district": "Barra",
        "street": "Rua M",
        "zipcode": "27973-360"
    },
    {
        "city": "Macae",
        "state": "RJ",
        "district": "Barra",
        "street": "Rua Augusto Braga",
        "zipcode": "27975-060"
    },
    {
        "city": "Macae",
        "state": "RJ",
        "district": "Parque Aeroporto",
        "street": "Rua A (Imburo)",
        "zipcode": "27970-290"
    },
    {
        "city": "Macae",
        "state": "RJ",
        "district": "Barra",
        "street": "Travessa Quinze",
        "zipcode": "27973-190"
    },
    {
        "city": "Macae",
        "state": "RJ",
        "district": "Carapebus",
        "street": "Rua Zero",
        "zipcode": "27963-320"
    },
    {
        "city": "Macae",
        "state": "RJ",
        "district": "Barra",
        "street": "Travessa L",
        "zipcode": "27975-260"
    },
    {
        "city": "Macae",
        "state": "RJ",
        "district": "Barra",
        "street": "Travessa Quatorze",
        "zipcode": "27973-180"
    },
    {
        "city": "Macae",
        "state": "RJ",
        "district": "Parque Aeroporto",
        "street": "Rua Jesus Soares Pereira",
        "zipcode": "27970-380"
    },
    {
        "city": "Macae",
        "state": "RJ",
        "district": "Parque Aeroporto",
        "street": "Avenida W",
        "zipcode": "27970-090"
    },
    {
        "city": "Macae",
        "state": "RJ",
        "district": "Barra",
        "street": "Rua Sete",
        "zipcode": "27975-330"
    },
    {
        "city": "Macae",
        "state": "RJ",
        "district": "Barra",
        "street": "Rua Alvaro Bruno De Azevedo",
        "zipcode": "27975-010"
    },
    {
        "city": "Macae",
        "state": "RJ",
        "district": "Barra",
        "street": "Rua Rosa Ferreira Aventura",
        "zipcode": "27975-160"
    },
    {
        "city": "Macae",
        "state": "RJ",
        "district": "Barra",
        "street": "Rua Joaquim Sereno",
        "zipcode": "27975-000"
    },
    {
        "city": "Macae",
        "state": "RJ",
        "district": "Barra",
        "street": "Rua Projetada",
        "zipcode": "27975-390"
    },
    {
        "city": "Macae",
        "state": "RJ",
        "district": "Carapebus",
        "street": "Rua Zero",
        "zipcode": "27963-310"
    },
    {
        "city": "Macae",
        "state": "RJ",
        "district": "Barra",
        "street": "Travessa Nove",
        "zipcode": "27973-130"
    },
    {
        "city": "Macae",
        "state": "RJ",
        "district": "Barra",
        "street": "Travessa Dr Herve De Freitas Brito",
        "zipcode": "27973-080"
    },
    {
        "city": "Macae",
        "state": "RJ",
        "district": "Barra",
        "street": "Rua Arnaldo Gregorio",
        "zipcode": "27975-070"
    },
    {
        "city": "Macae",
        "state": "RJ",
        "district": "Barra",
        "street": "Rua Aurelio Cristino Da Silva",
        "zipcode": "27975-150"
    },
    {
        "city": "Macae",
        "state": "RJ",
        "district": "Barra",
        "street": "Travessa F",
        "zipcode": "27975-230"
    },
    {
        "city": "Macae",
        "state": "RJ",
        "district": "Barra",
        "street": "Rua Da Maria",
        "zipcode": "27973-520"
    },
    {
        "city": "Macae",
        "state": "RJ",
        "district": "Barra",
        "street": "Rua Joao Crimago Da Silva",
        "zipcode": "27975-030"
    },
    {
        "city": "Macae",
        "state": "RJ",
        "district": "Barra",
        "street": "Travessa B",
        "zipcode": "27975-190"
    },
    {
        "city": "Macae",
        "state": "RJ",
        "district": "Barra",
        "street": "Rua Souza",
        "zipcode": "27975-270"
    },
    {
        "city": "Macae",
        "state": "RJ",
        "district": "Barra",
        "street": "Travessa Dezessete",
        "zipcode": "27973-210"
    },
    {
        "city": "Macae",
        "state": "RJ",
        "district": "Barra",
        "street": "Rua Caetano Correa Reis",
        "zipcode": "27975-110"
    },
    {
        "city": "Macae",
        "state": "RJ",
        "district": "Barra",
        "street": "Rua Seis",
        "zipcode": "27975-340"
    },
    {
        "city": "Macae",
        "state": "RJ",
        "district": "Barra",
        "street": "Rua L",
        "zipcode": "27973-500"
    },
    {
        "city": "Macae",
        "state": "RJ",
        "district": "Barra",
        "street": "Travessa J",
        "zipcode": "27975-250"
    },
    {
        "city": "Macae",
        "state": "RJ",
        "district": "Barra",
        "street": "Travessa Doze",
        "zipcode": "27973-160"
    },
    {
        "city": "Macae",
        "state": "RJ",
        "district": "Parque Aeroporto",
        "street": "Estrada Do Aeroporto",
        "zipcode": "27970-030"
    },
    {
        "city": "Macae",
        "state": "RJ",
        "district": "Barra",
        "street": "Travessa Treze",
        "zipcode": "27973-170"
    },
    {
        "city": "Macae",
        "state": "RJ",
        "district": "Barra",
        "street": "Rua Doze",
        "zipcode": "27973-510"
    },
    {
        "city": "Macae",
        "state": "RJ",
        "district": "Parque Aeroporto",
        "street": "Avenida W",
        "zipcode": "27970-140"
    },
    {
        "city": "Macae",
        "state": "RJ",
        "district": "Barra",
        "street": "Travessa Oito",
        "zipcode": "27973-120"
    },
    {
        "city": "Macae",
        "state": "RJ",
        "district": "Carapebus",
        "street": "Beco Zero",
        "zipcode": "27963-300"
    },
    {
        "city": "Macae",
        "state": "RJ",
        "district": "Parque Aeroporto",
        "street": "Rua Oito (Imburo)",
        "zipcode": "27970-340"
    },
    {
        "city": "Macae",
        "state": "RJ",
        "district": "Barra",
        "street": "Rua Barba Azul",
        "zipcode": "27975-380"
    },
    {
        "city": "Macae",
        "state": "RJ",
        "district": "Lagoa",
        "street": "Rua Dois",
        "zipcode": "27925-270"
    },
    {
        "city": "Macae",
        "state": "RJ",
        "district": "Cavaleiros",
        "street": "Rua A (Imboassica)",
        "zipcode": "27920-490"
    },
    {
        "city": "Macae",
        "state": "RJ",
        "district": "Barra",
        "street": "Rua Arenildo Casemiro Da Silva",
        "zipcode": "27973-300"
    },
    {
        "city": "Macae",
        "state": "RJ",
        "district": "Barra",
        "street": "Rua Aladino Carneiro",
        "zipcode": "27973-530"
    },
    {
        "city": "Macae",
        "state": "RJ",
        "district": "Barra",
        "street": "Rua Antonio Joaquim Teixeira",
        "zipcode": "27975-080"
    },
    {
        "city": "Macae",
        "state": "RJ",
        "district": "Parque Aeroporto",
        "street": "Rua Francisco Teixeira Junior",
        "zipcode": "27955-090"
    },
    {
        "city": "Macae",
        "state": "RJ",
        "district": "Parque Aeroporto",
        "street": "Rua Nove",
        "zipcode": "27950-100"
    },
    {
        "city": "Macae",
        "state": "RJ",
        "district": "Parque Aeroporto",
        "street": "Avenida W",
        "zipcode": "27970-170"
    },
    {
        "city": "Macae",
        "state": "RJ",
        "district": "Parque Aeroporto",
        "street": "Rua Am",
        "zipcode": "27955-420"
    },
    {
        "city": "Macae",
        "state": "RJ",
        "district": "Parque Aeroporto",
        "street": "Avenida W",
        "zipcode": "27970-060"
    },
    {
        "city": "Macae",
        "state": "RJ",
        "district": "Parque Aeroporto",
        "street": "Avenida W",
        "zipcode": "27970-280"
    },
    {
        "city": "Macae",
        "state": "RJ",
        "district": "Parque Aeroporto",
        "street": "Rua Alvaro De Morais",
        "zipcode": "27955-050"
    },
    {
        "city": "Macae",
        "state": "RJ",
        "district": "Parque Aeroporto",
        "street": "Estrada Imburo",
        "zipcode": "27970-000"
    },
    {
        "city": "Macae",
        "state": "RJ",
        "district": "Parque Aeroporto",
        "street": "Rua Jairo Ramalho",
        "zipcode": "27953-370"
    },
    {
        "city": "Macae",
        "state": "RJ",
        "district": "Parque Aeroporto",
        "street": "Rua Cento E Sete",
        "zipcode": "27955-030"
    },
    {
        "city": "Macae",
        "state": "RJ",
        "district": "Parque Aeroporto",
        "street": "Avenida W",
        "zipcode": "27970-120"
    },
    {
        "city": "Macae",
        "state": "RJ",
        "district": "Parque Aeroporto",
        "street": "Rua Setenta E Nove",
        "zipcode": "27953-290"
    },
    {
        "city": "Macae",
        "state": "RJ",
        "district": "Parque Aeroporto",
        "street": "Rua Cento E Dez",
        "zipcode": "27950-040"
    },
    {
        "city": "Macae",
        "state": "RJ",
        "district": "Morada Das Garcas",
        "street": "Rua Anfhilofio Trindade",
        "zipcode": "27920-530"
    },
    {
        "city": "Macae",
        "state": "RJ",
        "district": "Parque Aeroporto",
        "street": "Avenida Pestalozi",
        "zipcode": "27950-000"
    },
    {
        "city": "Macae",
        "state": "RJ",
        "district": "Parque Aeroporto",
        "street": "Avenida Mpm",
        "zipcode": "27970-230"
    },
    {
        "city": "Macae",
        "state": "RJ",
        "district": "Parque Aeroporto",
        "street": "Rua Cento E Nove",
        "zipcode": "27950-410"
    },
    {
        "city": "Macae",
        "state": "RJ",
        "district": "Parque Aeroporto",
        "street": "Rua Trinta E Quatro",
        "zipcode": "27950-270"
    },
    {
        "city": "Macae",
        "state": "RJ",
        "district": "Parque Aeroporto",
        "street": "Rua Cinquenta E Seis",
        "zipcode": "27953-050"
    },
    {
        "city": "Macae",
        "state": "RJ",
        "district": "Parque Aeroporto",
        "street": "Rua Vinte E Oito",
        "zipcode": "27955-220"
    },
    {
        "city": "Macae",
        "state": "RJ",
        "district": "Parque Aeroporto",
        "street": "Rua Prof. Antonio Alves Parada",
        "zipcode": "27950-140"
    },
    {
        "city": "Macae",
        "state": "RJ",
        "district": "Parque Aeroporto",
        "street": "Rua Daniel Silva",
        "zipcode": "27955-460"
    },
    {
        "city": "Macae",
        "state": "RJ",
        "district": "Barra",
        "street": "Rua Francisco Elisio De Oliveira",
        "zipcode": "27973-040"
    },
    {
        "city": "Macae",
        "state": "RJ",
        "district": "Barra",
        "street": "Rua Justiniano Vieira",
        "zipcode": "27973-310"
    },
    {
        "city": "Macae",
        "state": "RJ",
        "district": "Barra",
        "street": "Rua Dugnay Valenca",
        "zipcode": "27975-120"
    },
    {
        "city": "Macae",
        "state": "RJ",
        "district": "Carapebus",
        "street": "Rua Manoel Francisco Pinto",
        "zipcode": "27960-260"
    },
    {
        "city": "Macae",
        "state": "RJ",
        "district": "Gloria",
        "street": "Rua Henrique Daumas Sobrinho",
        "zipcode": "27937-620"
    },
    {
        "city": "Macae",
        "state": "RJ",
        "district": "Parque Aeroporto",
        "street": "Rua Setenta E Oito",
        "zipcode": "27953-300"
    },
    {
        "city": "Macae",
        "state": "RJ",
        "district": "Barra",
        "street": "Rua Dez",
        "zipcode": "27975-300"
    },
    {
        "city": "Macae",
        "state": "RJ",
        "district": "Miramar",
        "street": "Rua Z",
        "zipcode": "27943-460"
    },
    {
        "city": "Macae",
        "state": "RJ",
        "district": "Parque Aeroporto",
        "street": "Rua Benedito Carlos Ferreira",
        "zipcode": "27955-390"
    },
    {
        "city": "Macae",
        "state": "RJ",
        "district": "Granja Cavaleiros",
        "street": "Avenida Do Contorno",
        "zipcode": "27930-210"
    },
    {
        "city": "Macae",
        "state": "RJ",
        "district": "Barra",
        "street": "Rua Otavio Correia Nilo",
        "zipcode": "27975-051"
    },
    {
        "city": "Macae",
        "state": "RJ",
        "district": "Granja Cavaleiros",
        "street": "Estrada J",
        "zipcode": "27933-120"
    },
    {
        "city": "Macae",
        "state": "RJ",
        "district": "Novo Visconde",
        "street": "Rua Maringa",
        "zipcode": "27936-350"
    },
    {
        "city": "Macae",
        "state": "RJ",
        "district": "Parque Aeroporto",
        "street": "Rua Cento E Tres",
        "zipcode": "27955-370"
    },
    {
        "city": "Macae",
        "state": "RJ",
        "district": "Jardim Maringa",
        "street": "Rua B (C Davila)",
        "zipcode": "27936-250"
    },
    {
        "city": "Macae",
        "state": "RJ",
        "district": "Parque Aeroporto",
        "street": "Rua Quarenta E Quatro",
        "zipcode": "27955-140"
    },
    {
        "city": "Macae",
        "state": "RJ",
        "district": "Barra",
        "street": "Travessa Dezoito",
        "zipcode": "27973-220"
    },
    {
        "city": "Macae",
        "state": "RJ",
        "district": "Barra",
        "street": "Travessa Vinte E Um",
        "zipcode": "27973-380"
    },
    {
        "city": "Macae",
        "state": "RJ",
        "district": "Barra",
        "street": "Travessa Onze",
        "zipcode": "27973-150"
    },
    {
        "city": "Macae",
        "state": "RJ",
        "district": "Bela Vista",
        "street": "Rua Dezessete",
        "zipcode": "27935-260"
    },
    {
        "city": "Macae",
        "state": "RJ",
        "district": "Parque Aeroporto",
        "street": "Rua Setenta E Tres",
        "zipcode": "27950-400"
    },
    {
        "city": "Macae",
        "state": "RJ",
        "district": "Novo Visconde",
        "street": "Rua Z",
        "zipcode": "27936-420"
    },
    {
        "city": "Macae",
        "state": "RJ",
        "district": "Granja Cavaleiros",
        "street": "Rua Noventa E Nove",
        "zipcode": "27930-570"
    },
    {
        "city": "Macae",
        "state": "RJ",
        "district": "Sol E Mar",
        "street": "Rua Francisco Gomes Batista",
        "zipcode": "27940-670"
    },
    {
        "city": "Macae",
        "state": "RJ",
        "district": "Granja Cavaleiros",
        "street": "Rua Arquimedes Marques",
        "zipcode": "27930-380"
    },
    {
        "city": "Macae",
        "state": "RJ",
        "district": "Visconde De Araujo",
        "street": "Rua Quinze",
        "zipcode": "27935-240"
    },
    {
        "city": "Macae",
        "state": "RJ",
        "district": "Parque Aeroporto",
        "street": "Rua Jose Fernandes Aguiar",
        "zipcode": "27955-450"
    },
    {
        "city": "Macae",
        "state": "RJ",
        "district": "Granja Cavaleiros",
        "street": "Rua Jacira Tavares Durval",
        "zipcode": "27933-250"
    },
    {
        "city": "Macae",
        "state": "RJ",
        "district": "Parque Aeroporto",
        "street": "Rua Tancredo Neves",
        "zipcode": "27953-210"
    },
    {
        "city": "Macae",
        "state": "RJ",
        "district": "Riviera Fluminense",
        "street": "Rua Prefeito Claudio Moacir",
        "zipcode": "27937-220"
    },
    {
        "city": "Macae",
        "state": "RJ",
        "district": "Lagoa",
        "street": "Rua Debora Marques De Souza",
        "zipcode": "27925-110"
    },
    {
        "city": "Macae",
        "state": "RJ",
        "district": "Miramar",
        "street": "Rua Joelso Manhaes Madeira",
        "zipcode": "27943-550"
    },
    {
        "city": "Macae",
        "state": "RJ",
        "district": "Parque Aeroporto",
        "street": "Rua Noventa E Um",
        "zipcode": "27955-280"
    },
    {
        "city": "Macae",
        "state": "RJ",
        "district": "Barra",
        "street": "Travessa Escrivao Jose C Barreto",
        "zipcode": "27973-050"
    },
    {
        "city": "Macae",
        "state": "RJ",
        "district": "Parque Aeroporto",
        "street": "Rua Trinta E Cinco",
        "zipcode": "27950-280"
    },
    {
        "city": "Macae",
        "state": "RJ",
        "district": "Barra",
        "street": "Travessa G",
        "zipcode": "27975-240"
    },
    {
        "city": "Macae",
        "state": "RJ",
        "district": "Parque Aeroporto",
        "street": "Rua Rossina Freitas Medeiros",
        "zipcode": "27953-430"
    },
    {
        "city": "Macae",
        "state": "RJ",
        "district": "Barra",
        "street": "Rua Quatro",
        "zipcode": "27975-360"
    },
    {
        "city": "Macae",
        "state": "RJ",
        "district": "Riviera Fluminense",
        "street": "Rua Jaime Barcelos",
        "zipcode": "27937-130"
    },
    {
        "city": "Macae",
        "state": "RJ",
        "district": "Jardim Maringa",
        "street": "Rua E",
        "zipcode": "27936-310"
    },
    {
        "city": "Macae",
        "state": "RJ",
        "district": "Carapebus",
        "street": "Rua Do Estadio",
        "zipcode": "27960-350"
    },
    {
        "city": "Macae",
        "state": "RJ",
        "district": "Campo Do Oeste",
        "street": "Rua Oswaldo Pessanha",
        "zipcode": "27935-480"
    },
    {
        "city": "Macae",
        "state": "RJ",
        "district": "Parque Aeroporto",
        "street": "Rua Quarenta E Oito",
        "zipcode": "27950-180"
    },
    {
        "city": "Macae",
        "state": "RJ",
        "district": "Visconde De Araujo",
        "street": "Praça Sem Nome",
        "zipcode": "27940-000"
    },
    {
        "city": "Macae",
        "state": "RJ",
        "district": "Novo Visconde",
        "street": "Rua Prefeito Claudio Moacir",
        "zipcode": "27935-420"
    },
    {
        "city": "Macae",
        "state": "RJ",
        "district": "Bela Vista",
        "street": "Rua A (Bela Vista)",
        "zipcode": "27936-140"
    },
    {
        "city": "Macae",
        "state": "RJ",
        "district": "Barra",
        "street": "Travessa Sete",
        "zipcode": "27973-110"
    },
    {
        "city": "Macae",
        "state": "RJ",
        "district": "Carapebus",
        "street": "Rua Prata Mancebo",
        "zipcode": "27963-070"
    },
    {
        "city": "Macae",
        "state": "RJ",
        "district": "Barra",
        "street": "Travessa C",
        "zipcode": "27975-200"
    },
    {
        "city": "Macae",
        "state": "RJ",
        "district": "Centro",
        "street": "Vila Joao Rangel De Brito",
        "zipcode": "27910-150"
    },
    {
        "city": "Macae",
        "state": "RJ",
        "district": "Centro",
        "street": "Rua Teixeira De Gouveia",
        "zipcode": "27913-120"
    },
    {
        "city": "Macae",
        "state": "RJ",
        "district": "Centro",
        "street": "Rua C",
        "zipcode": "27913-450"
    },
    {
        "city": "Macae",
        "state": "RJ",
        "district": "Centro",
        "street": "Rua L",
        "zipcode": "27916-250"
    },
    {
        "city": "Macae",
        "state": "RJ",
        "district": "Cavaleiros",
        "street": "Rodovia Amaral Peixoto",
        "zipcode": "27920-370"
    },
    {
        "city": "Macae",
        "state": "RJ",
        "district": "Parque Aeroporto",
        "street": "Rua Joaquim Rosa",
        "zipcode": "27953-440"
    },
    {
        "city": "Macae",
        "state": "RJ",
        "district": "Barra",
        "street": "Rua Balbino Vieira Da Silva",
        "zipcode": "27973-290"
    },
    {
        "city": "Macae",
        "state": "RJ",
        "district": "Barra",
        "street": "Rua Alcides Cabral",
        "zipcode": "27975-170"
    },
    {
        "city": "Macae",
        "state": "RJ",
        "district": "Carapebus",
        "street": "Estrada W",
        "zipcode": "27963-290"
    },
    {
        "city": "Macae",
        "state": "RJ",
        "district": "Visconde De Araujo",
        "street": "Rua Dinorah Olivier",
        "zipcode": "27943-610"
    },
    {
        "city": "Macae",
        "state": "RJ",
        "district": "Parque Aeroporto",
        "street": "Rua Benedito Carlos Ferreira",
        "zipcode": "27950-020"
    },
    {
        "city": "Macae",
        "state": "RJ",
        "district": "Lagoa",
        "street": "Avenida Paranaiba",
        "zipcode": "27920-330"
    },
    {
        "city": "Macae",
        "state": "RJ",
        "district": "Aroeiras",
        "street": "Rua G",
        "zipcode": "27946-350"
    },
    {
        "city": "Macae",
        "state": "RJ",
        "district": "Parque Aeroporto",
        "street": "Rua Trinta E Tres",
        "zipcode": "27950-260"
    },
    {
        "city": "Macae",
        "state": "RJ",
        "district": "Carapebus",
        "street": "Rua W",
        "zipcode": "27963-240"
    },
    {
        "city": "Macae",
        "state": "RJ",
        "district": "Praia Campista",
        "street": "Rua Quatorze",
        "zipcode": "27923-330"
    },
    {
        "city": "Macae",
        "state": "RJ",
        "district": "Bela Vista",
        "street": "Estrada Aterrado Do Tatu",
        "zipcode": "27935-000"
    },
    {
        "city": "Macae",
        "state": "RJ",
        "district": "Malvinas",
        "street": "Rua B",
        "zipcode": "27947-130"
    },
    {
        "city": "Macae",
        "state": "RJ",
        "district": "Parque Aeroporto",
        "street": "Rua Prof. Antonio Alves  Parada",
        "zipcode": "27953-001"
    },
    {
        "city": "Macae",
        "state": "RJ",
        "district": "Carapebus",
        "street": "Rua Souza",
        "zipcode": "27963-160"
    },
    {
        "city": "Macae",
        "state": "RJ",
        "district": "Aroeiras",
        "street": "Rua W",
        "zipcode": "27946-460"
    },
    {
        "city": "Macae",
        "state": "RJ",
        "district": "Malvinas",
        "street": "Rua Quatro",
        "zipcode": "27947-080"
    },
    {
        "city": "Macae",
        "state": "RJ",
        "district": "Barra",
        "street": "Rua Roberto Pereira Santos",
        "zipcode": "27973-390"
    },
    {
        "city": "Macae",
        "state": "RJ",
        "district": "Visconde De Araujo",
        "street": "Rua Sao Jorge",
        "zipcode": "27943-660"
    },
    {
        "city": "Macae",
        "state": "RJ",
        "district": "Parque Aeroporto",
        "street": "Loteamento Imburo",
        "zipcode": "27970-010"
    },
    {
        "city": "Macae",
        "state": "RJ",
        "district": "Centro",
        "street": "Praça Evandro Lucio Do Amaral Drumond",
        "zipcode": "27913-480"
    },
    {
        "city": "Macae",
        "state": "RJ",
        "district": "Costa Do Sol",
        "street": "Rua Jose A Moreira",
        "zipcode": "27923-460"
    },
    {
        "city": "Macae",
        "state": "RJ",
        "district": "Parque Aeroporto",
        "street": "Rua C (Imburo)",
        "zipcode": "27970-310"
    },
    {
        "city": "Macae",
        "state": "RJ",
        "district": "Visconde De Araujo",
        "street": "Rua Coronel Jose De Lima",
        "zipcode": "27940-330"
    },
    {
        "city": "Macae",
        "state": "RJ",
        "district": "Aroeiras",
        "street": "Rua X",
        "zipcode": "27945-310"
    },
    {
        "city": "Macae",
        "state": "RJ",
        "district": "Botafogo",
        "street": "Rua Antonio Otto",
        "zipcode": "27946-640"
    },
    {
        "city": "Macae",
        "state": "RJ",
        "district": "Parque Aeroporto",
        "street": "Rua Antonio P Marinho",
        "zipcode": "27953-240"
    },
    {
        "city": "Macae",
        "state": "RJ",
        "district": "Carapebus",
        "street": "Rua W",
        "zipcode": "27963-250"
    },
    {
        "city": "Macae",
        "state": "RJ",
        "district": "Carapebus",
        "street": "Rua U",
        "zipcode": "27963-200"
    },
    {
        "city": "Macae",
        "state": "RJ",
        "district": "Alto Cajueiros",
        "street": "Rua Carlitos Cruz",
        "zipcode": "27915-330"
    },
    {
        "city": "Macae",
        "state": "RJ",
        "district": "Botafogo",
        "street": "Rua W Doze",
        "zipcode": "27946-700"
    },
    {
        "city": "Macae",
        "state": "RJ",
        "district": "Costa Do Sol",
        "street": "Rua Vinte E Dois",
        "zipcode": "27923-020"
    },
    {
        "city": "Macae",
        "state": "RJ",
        "district": "Parque Aeroporto",
        "street": "Rua Vinte E Um",
        "zipcode": "27955-330"
    },
    {
        "city": "Macae",
        "state": "RJ",
        "district": "Parque Aeroporto",
        "street": "Rua Noventa E Seis",
        "zipcode": "27955-120"
    },
    {
        "city": "Macae",
        "state": "RJ",
        "district": "Parque Aeroporto",
        "street": "Rua Oito De Marco",
        "zipcode": "27970-360"
    },
    {
        "city": "Macae",
        "state": "RJ",
        "district": "Malvinas",
        "street": "Rua M Guedes",
        "zipcode": "27947-240"
    }
]