[
    {
        "city": "Cacapava",
        "state": "SP",
        "district": "Piedade",
        "street": "Rua Joao Antonio Nogueira",
        "zipcode": "12295-040"
    },
    {
        "city": "Cacapava",
        "state": "SP",
        "district": "Vila Antonio Augusto Luiz",
        "street": "Rua Sao Jose",
        "zipcode": "12287-680"
    },
    {
        "city": "Cacapava",
        "state": "SP",
        "district": "Jardim Cacapava",
        "street": "Avenida Dos Bandeirantes",
        "zipcode": "12286-130"
    },
    {
        "city": "Cacapava",
        "state": "SP",
        "district": "Vila Galvao",
        "street": "Estrada Do Tigrao",
        "zipcode": "12286-320"
    },
    {
        "city": "Cacapava",
        "state": "SP",
        "district": "Vila Salgueiro",
        "street": "Travessa Dois",
        "zipcode": "12287-460"
    },
    {
        "city": "Cacapava",
        "state": "SP",
        "district": "Vila Santos",
        "street": "Rua Barao De Cacapava",
        "zipcode": "12292-180"
    },
    {
        "city": "Cacapava",
        "state": "SP",
        "district": "Vila Bandeirantes",
        "street": "Rua Benedito Filadelfo Ferrari",
        "zipcode": "12286-340"
    },
    {
        "city": "Cacapava",
        "state": "SP",
        "district": "Vila Matias",
        "street": "Rua Um",
        "zipcode": "12283-610"
    },
    {
        "city": "Cacapava",
        "state": "SP",
        "district": "Vila Resende",
        "street": "Rua Das Palmeiras",
        "zipcode": "12282-580"
    },
    {
        "city": "Cacapava",
        "state": "SP",
        "district": "Vila Resende",
        "street": "Rua Vinte E Oito De Setembro",
        "zipcode": "12282-280"
    },
    {
        "city": "Cacapava",
        "state": "SP",
        "district": "Jardim Primavera",
        "street": "Rua De Tullio Giulio",
        "zipcode": "12292-400"
    },
    {
        "city": "Cacapava",
        "state": "SP",
        "district": "Jardim Campo Grande",
        "street": "Avenida Dos Operarios",
        "zipcode": "12282-500"
    },
    {
        "city": "Cacapava",
        "state": "SP",
        "district": "Vila Medeiros",
        "street": "Rua B",
        "zipcode": "12283-680"
    },
    {
        "city": "Cacapava",
        "state": "SP",
        "district": "Vila Paraiso",
        "street": "Rua Joaquim Soares Ribeiro",
        "zipcode": "12288-130"
    },
    {
        "city": "Cacapava",
        "state": "SP",
        "district": "Piedade",
        "street": "Rua Simplicio Berti",
        "zipcode": "12295-120"
    },
    {
        "city": "Cacapava",
        "state": "SP",
        "district": "Vila Prado",
        "street": "Rua Major Candido Marcondes Do Amaral",
        "zipcode": "12288-030"
    },
    {
        "city": "Cacapava",
        "state": "SP",
        "district": "Residencial Nancy",
        "street": "Rua Dois",
        "zipcode": "12286-550"
    },
    {
        "city": "Cacapava",
        "state": "SP",
        "district": "Vila Ipiranga",
        "street": "Rua Dr Oliveira Moura",
        "zipcode": "12282-190"
    },
    {
        "city": "Cacapava",
        "state": "SP",
        "district": "Vila Bandeirantes",
        "street": "Rua Seis",
        "zipcode": "12286-380"
    },
    {
        "city": "Cacapava",
        "state": "SP",
        "district": "Vila Paraiso",
        "street": "Rua Idalizio Gabriel",
        "zipcode": "12288-120"
    },
    {
        "city": "Cacapava",
        "state": "SP",
        "district": "Jardim Primavera",
        "street": "Rua General Pedro Luiz Pinto Bitencourt",
        "zipcode": "12292-470"
    },
    {
        "city": "Cacapava",
        "state": "SP",
        "district": "Jardim Primavera",
        "street": "Rua Odete Moura Pedrosa",
        "zipcode": "12292-430"
    },
    {
        "city": "Cacapava",
        "state": "SP",
        "district": "Vila Paraiso",
        "street": "Rua Quatro",
        "zipcode": "12288-090"
    },
    {
        "city": "Cacapava",
        "state": "SP",
        "district": "Jardim Primavera",
        "street": "Rua Dona Olimpia Santana Santos",
        "zipcode": "12292-490"
    },
    {
        "city": "Cacapava",
        "state": "SP",
        "district": "Vila Pantaleao",
        "street": "Praça Padre Monteiro",
        "zipcode": "12291-470"
    },
    {
        "city": "Cacapava",
        "state": "SP",
        "district": "Vila Menino Jesus",
        "street": "Rua Prof. Alexandre De Freitas Dias",
        "zipcode": "12290-150"
    },
    {
        "city": "Cacapava",
        "state": "SP",
        "district": "Vila Prado",
        "street": "Rua Jose Bonifacio",
        "zipcode": "12288-010"
    },
    {
        "city": "Cacapava",
        "state": "SP",
        "district": "Parque Residencial Nova Cacapava",
        "street": "Rodovia Presidente Dutra (Br 116)",
        "zipcode": "12283-840"
    },
    {
        "city": "Cacapava",
        "state": "SP",
        "district": "Vila Santos",
        "street": "Rua Prof. Jose Francisco Simoes Dos Santos",
        "zipcode": "12292-080"
    },
    {
        "city": "Cacapava",
        "state": "SP",
        "district": "Jardim Amalia",
        "street": "Rua Benedito Yunes",
        "zipcode": "12292-130"
    },
    {
        "city": "Cacapava",
        "state": "SP",
        "district": "Vila Paraiso",
        "street": "Rua Um A",
        "zipcode": "12288-140"
    },
    {
        "city": "Cacapava",
        "state": "SP",
        "district": "Piedade",
        "street": "Rua Sete",
        "zipcode": "12295-110"
    },
    {
        "city": "Cacapava",
        "state": "SP",
        "district": "Santa Luzia",
        "street": "Viaduto Joao Antonio Da Silva Ouvero",
        "zipcode": "12288-160"
    },
    {
        "city": "Cacapava",
        "state": "SP",
        "district": "Vila Paraiso",
        "street": "Rua Jose Marcelo",
        "zipcode": "12288-060"
    },
    {
        "city": "Cacapava",
        "state": "SP",
        "district": "Jardim Primavera",
        "street": "Rua Jose Da Costa Pascoal",
        "zipcode": "12292-440"
    },
    {
        "city": "Cacapava",
        "state": "SP",
        "district": "Jardim Primavera",
        "street": "Rua Servulo Carneiro",
        "zipcode": "12292-450"
    },
    {
        "city": "Cacapava",
        "state": "SP",
        "district": "Vila Paraiba",
        "street": "Rua Major Telles",
        "zipcode": "12289-360"
    },
    {
        "city": "Cacapava",
        "state": "SP",
        "district": "Jardim Primavera",
        "street": "Rua Maria Jose Ferrari",
        "zipcode": "12292-520"
    },
    {
        "city": "Cacapava",
        "state": "SP",
        "district": "Parque Residencial Eldorado",
        "street": "Rua Jose Candido Cappelli",
        "zipcode": "12289-370"
    },
    {
        "city": "Cacapava",
        "state": "SP",
        "district": "Vila Paraiso",
        "street": "Travessa Tres",
        "zipcode": "12288-100"
    },
    {
        "city": "Cacapava",
        "state": "SP",
        "district": "Vila Salgueiro",
        "street": "Avenida Vera Cruz",
        "zipcode": "12287-450"
    },
    {
        "city": "Cacapava",
        "state": "SP",
        "district": "Vila Santos",
        "street": "Rua Castro Alves",
        "zipcode": "12292-050"
    },
    {
        "city": "Cacapava",
        "state": "SP",
        "district": "Vila Paraiso",
        "street": "Rua Tres",
        "zipcode": "12288-080"
    },
    {
        "city": "Cacapava",
        "state": "SP",
        "district": "Vila Santos",
        "street": "Rua Goncalves Dias",
        "zipcode": "12292-060"
    },
    {
        "city": "Cacapava",
        "state": "SP",
        "district": "Vila Santos",
        "street": "Avenida Francisco Salles Damasco",
        "zipcode": "12292-030"
    },
    {
        "city": "Cacapava",
        "state": "SP",
        "district": "Vila Antonio Augusto Luiz",
        "street": "Travessa Mateus Lourenco De Carvalho",
        "zipcode": "12287-040"
    },
    {
        "city": "Cacapava",
        "state": "SP",
        "district": "Piedade",
        "street": "Rua C",
        "zipcode": "12295-080"
    },
    {
        "city": "Cacapava",
        "state": "SP",
        "district": "Vila Quirino",
        "street": "Rua Joao Quirino Da Costa",
        "zipcode": "12288-580"
    },
    {
        "city": "Cacapava",
        "state": "SP",
        "district": "Vila Santos",
        "street": "Rua Monteiro Lobato",
        "zipcode": "12292-090"
    },
    {
        "city": "Cacapava",
        "state": "SP",
        "district": "Vila Santos",
        "street": "Travessa Humaita",
        "zipcode": "12291-430"
    },
    {
        "city": "Cacapava",
        "state": "SP",
        "district": "Vila Prado",
        "street": "Rua Jose Tiburcio Do Prado",
        "zipcode": "12288-020"
    },
    {
        "city": "Cacapava",
        "state": "SP",
        "district": "Vila Quirino",
        "street": "Rua Izabel Augusta De Arantes",
        "zipcode": "12288-570"
    },
    {
        "city": "Cacapava",
        "state": "SP",
        "district": "Vila Bandeirantes",
        "street": "Rua Projetada",
        "zipcode": "12286-370"
    },
    {
        "city": "Cacapava",
        "state": "SP",
        "district": "Vila Paraiso",
        "street": "Rua Dois",
        "zipcode": "12288-070"
    },
    {
        "city": "Cacapava",
        "state": "SP",
        "district": "Vila Santos",
        "street": "Rua Ary Barroso",
        "zipcode": "12292-110"
    },
    {
        "city": "Cacapava",
        "state": "SP",
        "district": "Jardim Rafael",
        "street": "Rua Do Porto",
        "zipcode": "12288-550"
    },
    {
        "city": "Cacapava",
        "state": "SP",
        "district": "Jardim Primavera",
        "street": "Rua Joao Carvalho Resende",
        "zipcode": "12292-510"
    },
    {
        "city": "Cacapava",
        "state": "SP",
        "district": "Piedade",
        "street": "Rua Quatro",
        "zipcode": "12295-090"
    },
    {
        "city": "Cacapava",
        "state": "SP",
        "district": "Piedade",
        "street": "Rodovia Joao Amaral Gurgel",
        "zipcode": "12295-000"
    },
    {
        "city": "Cacapava",
        "state": "SP",
        "district": "Piedade",
        "street": "Praça Jose Natal Da Cunha",
        "zipcode": "12295-140"
    },
    {
        "city": "Cacapava",
        "state": "SP",
        "district": "Parque Residencial Eldorado",
        "street": "Rua Desembargador Percival De Moura Alcantara",
        "zipcode": "12289-390"
    },
    {
        "city": "Cacapava",
        "state": "SP",
        "district": "Vila Santos",
        "street": "Rua Padre Jose Benedito Alves Monteiro",
        "zipcode": "12292-070"
    },
    {
        "city": "Cacapava",
        "state": "SP",
        "district": "Jardim Amalia",
        "street": "Rua Benedito Monteiro De Toledo",
        "zipcode": "12292-140"
    },
    {
        "city": "Cacapava",
        "state": "SP",
        "district": "Piedade",
        "street": "Rua G",
        "zipcode": "12295-070"
    },
    {
        "city": "Cacapava",
        "state": "SP",
        "district": "Vila Santos",
        "street": "Rua Onze",
        "zipcode": "12292-120"
    },
    {
        "city": "Cacapava",
        "state": "SP",
        "district": "Vila Ipiranga",
        "street": "Rua Antonio Vicente",
        "zipcode": "12282-160"
    },
    {
        "city": "Cacapava",
        "state": "SP",
        "district": "Jardim Amalia",
        "street": "Rua Olimpio Santos Junior",
        "zipcode": "12292-160"
    },
    {
        "city": "Cacapava",
        "state": "SP",
        "district": "Jardim Amalia",
        "street": "Rua Prof. Maria Aparecida De Vasconcelos Nogueira",
        "zipcode": "12292-170"
    },
    {
        "city": "Cacapava",
        "state": "SP",
        "district": "Vila Paraiso",
        "street": "Travessa Um",
        "zipcode": "12288-110"
    },
    {
        "city": "Cacapava",
        "state": "SP",
        "district": "Jardim Amalia",
        "street": "Rua Primeiro Centenario De Jambeiro",
        "zipcode": "12292-150"
    },
    {
        "city": "Cacapava",
        "state": "SP",
        "district": "Vila Antonio Augusto Luiz",
        "street": "Rua Sao Joao",
        "zipcode": "12287-670"
    },
    {
        "city": "Cacapava",
        "state": "SP",
        "district": "Sitios De Recreio Mantiqueira",
        "street": "Rua Waldir Alvarenga",
        "zipcode": "12290-570"
    },
    {
        "city": "Cacapava",
        "state": "SP",
        "district": "Jardim Campo Grande",
        "street": "Rodovia Edmir Viana De Moura",
        "zipcode": "12282-530"
    },
    {
        "city": "Cacapava",
        "state": "SP",
        "district": "Vila Quirino",
        "street": "Rua Jose Quirino Da Costa",
        "zipcode": "12288-590"
    },
    {
        "city": "Cacapava",
        "state": "SP",
        "district": "Vila Pascoal",
        "street": "Rua Benedito Afonso De Moura",
        "zipcode": "12291-190"
    },
    {
        "city": "Cacapava",
        "state": "SP",
        "district": "Vila Antonio Augusto Luiz",
        "street": "Rua Pedro De Moura Alcantara",
        "zipcode": "12287-011"
    },
    {
        "city": "Cacapava",
        "state": "SP",
        "district": "Piedade",
        "street": "Rua Um",
        "zipcode": "12295-130"
    },
    {
        "city": "Cacapava",
        "state": "SP",
        "district": "Jardim Primavera",
        "street": "Rua Waldomiro Paz Vidal",
        "zipcode": "12292-500"
    },
    {
        "city": "Cacapava",
        "state": "SP",
        "district": "Vila Paraiso",
        "street": "Avenida Marechal Castelo Branco",
        "zipcode": "12288-050"
    },
    {
        "city": "Cacapava",
        "state": "SP",
        "district": "Vila Paraiso",
        "street": "Avenida Dos Mineiros",
        "zipcode": "12288-150"
    },
    {
        "city": "Cacapava",
        "state": "SP",
        "district": "Jardim Primavera",
        "street": "Rua Nely Mantes Natali",
        "zipcode": "12292-460"
    },
    {
        "city": "Cacapava",
        "state": "SP",
        "district": "Vila Galvao",
        "street": "Rua Quinze De Novembro",
        "zipcode": "12286-150"
    },
    {
        "city": "Cacapava",
        "state": "SP",
        "district": "Vila Santos",
        "street": "Rua Rufino Esteves Da Costa Salgado",
        "zipcode": "12292-040"
    },
    {
        "city": "Cacapava",
        "state": "SP",
        "district": "Vila Santos",
        "street": "Rua Marechal Rondon",
        "zipcode": "12292-100"
    },
    {
        "city": "Cacapava",
        "state": "SP",
        "district": "Jardim Primavera",
        "street": "Rua Jose Luiz Franco De Almeida",
        "zipcode": "12292-410"
    },
    {
        "city": "Cacapava",
        "state": "SP",
        "district": "Jardim Primavera",
        "street": "Rua Dr Pedro Franco De Almeida",
        "zipcode": "12292-420"
    },
    {
        "city": "Cacapava",
        "state": "SP",
        "district": "Jardim Primavera",
        "street": "Rua Maria Aparecida Toledo Salles",
        "zipcode": "12292-480"
    },
    {
        "city": "Cacapava",
        "state": "SP",
        "district": "Vila Salgueiro",
        "street": "Rua Dr Jose De Moura Resende",
        "zipcode": "12287-510"
    },
    {
        "city": "Cacapava",
        "state": "SP",
        "district": "Vila Prado",
        "street": "Praça Tenente Jayro Baptistao",
        "zipcode": "12288-040"
    },
    {
        "city": "Cacapava",
        "state": "SP",
        "district": "Vila Santos",
        "street": "Avenida Francisco Alves Moreira",
        "zipcode": "12292-010"
    },
    {
        "city": "Cacapava",
        "state": "SP",
        "district": "Vila Santos",
        "street": "Rua Dona Francisca De Almeida Santos",
        "zipcode": "12292-020"
    }
]