[
    {
        "city": "Sao Joao Da Boa Vista",
        "state": "SP",
        "district": "Jardim Santarem",
        "street": "Rua Manoel Fiel Filho",
        "zipcode": "13872-320"
    },
    {
        "city": "Sao Joao Da Boa Vista",
        "state": "SP",
        "district": "Centro",
        "street": "Rua Riachuelo",
        "zipcode": "13870-390"
    },
    {
        "city": "Sao Joao Da Boa Vista",
        "state": "SP",
        "district": "Centro",
        "street": "Rua Quinze De Novembro",
        "zipcode": "13870-318"
    },
    {
        "city": "Sao Joao Da Boa Vista",
        "state": "SP",
        "district": "Jardim Michelazzo",
        "street": "Rua Vitorio Michelazzo",
        "zipcode": "13870-160"
    },
    {
        "city": "Sao Joao Da Boa Vista",
        "state": "SP",
        "district": "Rosario",
        "street": "Rua Capitao Jose J. De Andrade",
        "zipcode": "13870-369"
    },
    {
        "city": "Sao Joao Da Boa Vista",
        "state": "SP",
        "district": "Vila Carvalho",
        "street": "Rua Irmas Caritas",
        "zipcode": "13870-198"
    },
    {
        "city": "Sao Joao Da Boa Vista",
        "state": "SP",
        "district": "Vila Santa Adelia",
        "street": "Rua Padre Donizete T. De Lima",
        "zipcode": "13870-370"
    },
    {
        "city": "Sao Joao Da Boa Vista",
        "state": "SP",
        "district": "Vila Carvalho",
        "street": "Rua Joao Viana",
        "zipcode": "13870-189"
    },
    {
        "city": "Sao Joao Da Boa Vista",
        "state": "SP",
        "district": "Centro",
        "street": "Rua Bernardino De Campos",
        "zipcode": "13870-810"
    },
    {
        "city": "Sao Joao Da Boa Vista",
        "state": "SP",
        "district": "Vila Zanetti",
        "street": "Rua Rodolfo Frederico Reck",
        "zipcode": "13870-546"
    },
    {
        "city": "Sao Joao Da Boa Vista",
        "state": "SP",
        "district": "Jardim Sao Jorge",
        "street": "Rua Turmalina",
        "zipcode": "13870-686"
    },
    {
        "city": "Sao Joao Da Boa Vista",
        "state": "SP",
        "district": "Centro",
        "street": "Avenida Joao Osorio",
        "zipcode": "13870-840"
    },
    {
        "city": "Sao Joao Da Boa Vista",
        "state": "SP",
        "district": "Jardim Sao Jorge",
        "street": "Avenida Rotary",
        "zipcode": "13870-690"
    },
    {
        "city": "Sao Joao Da Boa Vista",
        "state": "SP",
        "district": "Santo Antonio",
        "street": "Viela Jose De Oliveira Macedo",
        "zipcode": "13871-135"
    },
    {
        "city": "Sao Joao Da Boa Vista",
        "state": "SP",
        "district": "Jardim Santo Andre",
        "street": "Rua Sergipe",
        "zipcode": "13870-428"
    },
    {
        "city": "Sao Joao Da Boa Vista",
        "state": "SP",
        "district": "Centro",
        "street": "Rua Coronel Ernesto De Oliveira",
        "zipcode": "13870-820"
    },
    {
        "city": "Sao Joao Da Boa Vista",
        "state": "SP",
        "district": "Vila Oriental",
        "street": "Rua Joao Pessoa",
        "zipcode": "13870-790"
    },
    {
        "city": "Sao Joao Da Boa Vista",
        "state": "SP",
        "district": "Centro",
        "street": "Rua Capitao Maneco Cabral",
        "zipcode": "13870-778"
    },
    {
        "city": "Sao Joao Da Boa Vista",
        "state": "SP",
        "district": "Vila Carvalho",
        "street": "Rua Prof. Maria Jose S. Pavan",
        "zipcode": "13870-190"
    },
    {
        "city": "Sao Joao Da Boa Vista",
        "state": "SP",
        "district": "Jardim Molinari",
        "street": "Rua Antonio G. Dos Reis",
        "zipcode": "13871-138"
    },
    {
        "city": "Sao Joao Da Boa Vista",
        "state": "SP",
        "district": "Santo Antonio",
        "street": "Rua Luiz Andrade De Souza",
        "zipcode": "13871-214"
    },
    {
        "city": "Sao Joao Da Boa Vista",
        "state": "SP",
        "district": "Jardim Santo Andre",
        "street": "Rua Dr Gabriel Pio Da Silva Junior",
        "zipcode": "13870-419"
    },
    {
        "city": "Sao Joao Da Boa Vista",
        "state": "SP",
        "district": "Santo Antonio",
        "street": "Rua Francisco Gomes Martins",
        "zipcode": "13871-239"
    },
    {
        "city": "Sao Joao Da Boa Vista",
        "state": "SP",
        "district": "Sao Benedito",
        "street": "Rua Luiz Loretti",
        "zipcode": "13871-054"
    },
    {
        "city": "Sao Joao Da Boa Vista",
        "state": "SP",
        "district": "Vila Carvalho",
        "street": "Rua Gil Fadiga",
        "zipcode": "13870-197"
    },
    {
        "city": "Sao Joao Da Boa Vista",
        "state": "SP",
        "district": "Centro",
        "street": "Rua Campos Sales",
        "zipcode": "13870-280"
    },
    {
        "city": "Sao Joao Da Boa Vista",
        "state": "SP",
        "district": "Jardim Satelite",
        "street": "Rua Joaquim Pinto Noronha",
        "zipcode": "13870-389"
    },
    {
        "city": "Sao Joao Da Boa Vista",
        "state": "SP",
        "district": "Jardim Michelazzo",
        "street": "Rua Augusto A. Dos Santos",
        "zipcode": "13870-170"
    },
    {
        "city": "Sao Joao Da Boa Vista",
        "state": "SP",
        "district": "Centro",
        "street": "Rua Saldanha Marinho",
        "zipcode": "13870-270"
    },
    {
        "city": "Sao Joao Da Boa Vista",
        "state": "SP",
        "district": "Jardim Da Gloria",
        "street": "Rua Jose Procopio De Andrade Junior",
        "zipcode": "13870-780"
    },
    {
        "city": "Sao Joao Da Boa Vista",
        "state": "SP",
        "district": "Vila Magnolia",
        "street": "Rua Das Palmeiras",
        "zipcode": "13871-049"
    },
    {
        "city": "Sao Joao Da Boa Vista",
        "state": "SP",
        "district": "Jardim Michelazzo",
        "street": "Rua Antonio Carvalho",
        "zipcode": "13870-187"
    },
    {
        "city": "Sao Joao Da Boa Vista",
        "state": "SP",
        "district": "Sao Benedito",
        "street": "Rua Lauro Godoy",
        "zipcode": "13871-040"
    },
    {
        "city": "Sao Joao Da Boa Vista",
        "state": "SP",
        "district": "Jardim Boa Vista",
        "street": "Rua Basilio Braga",
        "zipcode": "13871-129"
    },
    {
        "city": "Sao Joao Da Boa Vista",
        "state": "SP",
        "district": "Rosario",
        "street": "Rua Josefa Franco Peres",
        "zipcode": "13870-349"
    },
    {
        "city": "Sao Joao Da Boa Vista",
        "state": "SP",
        "district": "Jardim Molinari",
        "street": "Rua Alziro Aparecido Candido",
        "zipcode": "13871-139"
    },
    {
        "city": "Sao Joao Da Boa Vista",
        "state": "SP",
        "district": "Vila Bela",
        "street": "Rua Manoel Garcia",
        "zipcode": "13870-177"
    },
    {
        "city": "Sao Joao Da Boa Vista",
        "state": "SP",
        "district": "Vila Westin",
        "street": "Rua Jose Maciel De Godoy",
        "zipcode": "13870-407"
    },
    {
        "city": "Sao Joao Da Boa Vista",
        "state": "SP",
        "district": "Jardim Satelite",
        "street": "Rua Dona Gabriela",
        "zipcode": "13870-440"
    },
    {
        "city": "Sao Joao Da Boa Vista",
        "state": "SP",
        "district": "Parque Das Nacoes",
        "street": "Rua Atilio Andre Rubbo",
        "zipcode": "13870-589"
    },
    {
        "city": "Sao Joao Da Boa Vista",
        "state": "SP",
        "district": "Centro",
        "street": "Rua Conselheiro Antonio Prado",
        "zipcode": "13870-830"
    },
    {
        "city": "Sao Joao Da Boa Vista",
        "state": "SP",
        "district": "Centro",
        "street": "Praça Coronel Jose Pires",
        "zipcode": "13870-775"
    },
    {
        "city": "Sao Joao Da Boa Vista",
        "state": "SP",
        "district": "Vila Estrela",
        "street": "Viela Leopoldino A. Julio",
        "zipcode": "13871-196"
    },
    {
        "city": "Sao Joao Da Boa Vista",
        "state": "SP",
        "district": "Jardim Santo Andre",
        "street": "Rua Da Paz",
        "zipcode": "13870-404"
    },
    {
        "city": "Sao Joao Da Boa Vista",
        "state": "SP",
        "district": "Vila Gomes",
        "street": "Rua Perola",
        "zipcode": "13870-689"
    },
    {
        "city": "Sao Joao Da Boa Vista",
        "state": "SP",
        "district": "Vila Oriental",
        "street": "Rua Monteiro Lobato",
        "zipcode": "13870-779"
    },
    {
        "city": "Sao Joao Da Boa Vista",
        "state": "SP",
        "district": "Jardim Santo Andre",
        "street": "Rua Joaquim Batista",
        "zipcode": "13870-427"
    },
    {
        "city": "Sao Joao Da Boa Vista",
        "state": "SP",
        "district": "Sao Lazaro",
        "street": "Rua Eduardo Ballesteiros Braite",
        "zipcode": "13870-536"
    },
    {
        "city": "Sao Joao Da Boa Vista",
        "state": "SP",
        "district": "Vila Isabel",
        "street": "Rua Sebastiao B. Da Silva",
        "zipcode": "13871-229"
    },
    {
        "city": "Sao Joao Da Boa Vista",
        "state": "SP",
        "district": "Santo Antonio",
        "street": "Rua Joao Paulo Ii",
        "zipcode": "13871-215"
    },
    {
        "city": "Sao Joao Da Boa Vista",
        "state": "SP",
        "district": "Vila Santa Adelia",
        "street": "Rua Gastao Vidigal",
        "zipcode": "13870-360"
    },
    {
        "city": "Sao Joao Da Boa Vista",
        "state": "SP",
        "district": "Santo Antonio",
        "street": "Rua Calixto Civitelli",
        "zipcode": "13871-227"
    },
    {
        "city": "Sao Joao Da Boa Vista",
        "state": "SP",
        "district": "Centro",
        "street": "Rua Carlos Gomes",
        "zipcode": "13870-750"
    },
    {
        "city": "Sao Joao Da Boa Vista",
        "state": "SP",
        "district": "Jardim Santa Rita",
        "street": "Rua Miguel Jacob",
        "zipcode": "13871-086"
    },
    {
        "city": "Sao Joao Da Boa Vista",
        "state": "SP",
        "district": "Parque Das Nacoes",
        "street": "Rua Valentim Peres",
        "zipcode": "13870-587"
    },
    {
        "city": "Sao Joao Da Boa Vista",
        "state": "SP",
        "district": "Centro",
        "street": "Rua Pereira Machado",
        "zipcode": "13870-760"
    },
    {
        "city": "Sao Joao Da Boa Vista",
        "state": "SP",
        "district": "Vila Estrela",
        "street": "Rua Delio Macedo",
        "zipcode": "13871-198"
    },
    {
        "city": "Sao Joao Da Boa Vista",
        "state": "SP",
        "district": "Vila Carvalho",
        "street": "Rua Antonio Tavares",
        "zipcode": "13870-188"
    },
    {
        "city": "Sao Joao Da Boa Vista",
        "state": "SP",
        "district": "Jardim Santo Andre",
        "street": "Rua Lucio Jose Bernardes",
        "zipcode": "13870-405"
    },
    {
        "city": "Sao Joao Da Boa Vista",
        "state": "SP",
        "district": "Perpetuo Socorro",
        "street": "Acesso Particular",
        "zipcode": "13870-769"
    },
    {
        "city": "Sao Joao Da Boa Vista",
        "state": "SP",
        "district": "Jardim Boa Vista",
        "street": "Rua Joao Batista Padovan",
        "zipcode": "13871-128"
    },
    {
        "city": "Sao Joao Da Boa Vista",
        "state": "SP",
        "district": "Vila Damaglio",
        "street": "Rua Joao Batista D. B. Martins",
        "zipcode": "13871-197"
    },
    {
        "city": "Sao Joao Da Boa Vista",
        "state": "SP",
        "district": "Sao Benedito",
        "street": "Rua Joao Sartorello",
        "zipcode": "13871-087"
    },
    {
        "city": "Sao Joao Da Boa Vista",
        "state": "SP",
        "district": "Centro",
        "street": "Rua Quatorze De Julho",
        "zipcode": "13870-800"
    },
    {
        "city": "Sao Joao Da Boa Vista",
        "state": "SP",
        "district": "Perpetuo Socorro",
        "street": "Rua Melvin Jones",
        "zipcode": "13870-749"
    },
    {
        "city": "Sao Joao Da Boa Vista",
        "state": "SP",
        "district": "Perpetuo Socorro",
        "street": "Rua Carlos Rehder",
        "zipcode": "13870-789"
    },
    {
        "city": "Sao Joao Da Boa Vista",
        "state": "SP",
        "district": "Jardim Santo Andre",
        "street": "Rua Rio De Janeiro",
        "zipcode": "13870-429"
    },
    {
        "city": "Sao Joao Da Boa Vista",
        "state": "SP",
        "district": "Santo Antonio",
        "street": "Rua Antonio Lucio Dos Santos",
        "zipcode": "13871-250"
    },
    {
        "city": "Sao Joao Da Boa Vista",
        "state": "SP",
        "district": "Vila Isabel",
        "street": "Rua Rosa Vita Delaroli",
        "zipcode": "13871-130"
    },
    {
        "city": "Sao Joao Da Boa Vista",
        "state": "SP",
        "district": "Sao Benedito",
        "street": "Largo Sao Benedito",
        "zipcode": "13871-048"
    },
    {
        "city": "Sao Joao Da Boa Vista",
        "state": "SP",
        "district": "Santo Antonio",
        "street": "Rua Liberato S. Galli",
        "zipcode": "13871-218"
    },
    {
        "city": "Sao Joao Da Boa Vista",
        "state": "SP",
        "district": "Centro",
        "street": "Rua Santo Antonio",
        "zipcode": "13871-080"
    },
    {
        "city": "Sao Joao Da Boa Vista",
        "state": "SP",
        "district": "Jardim Cledirna",
        "street": "Avenida Ana Lotufo Bruno",
        "zipcode": "13872-656"
    },
    {
        "city": "Sao Joao Da Boa Vista",
        "state": "SP",
        "district": "Jardim Sao Manoel",
        "street": "Rua Benjamin Lopes",
        "zipcode": "13872-058"
    },
    {
        "city": "Sao Joao Da Boa Vista",
        "state": "SP",
        "district": "Nucleo Residencial Durval Nicolau 3",
        "street": "Rua Lourenco Jose Ferreira",
        "zipcode": "13872-319"
    },
    {
        "city": "Sao Joao Da Boa Vista",
        "state": "SP",
        "district": "Vila Conceicao",
        "street": "Rua Tabapuan",
        "zipcode": "13872-250"
    },
    {
        "city": "Sao Joao Da Boa Vista",
        "state": "SP",
        "district": "Jardim Santa Clara",
        "street": "Rua Manoel P. Das Chagas",
        "zipcode": "13874-250"
    },
    {
        "city": "Sao Joao Da Boa Vista",
        "state": "SP",
        "district": "Vila Conceicao",
        "street": "Rua Jose Rodrigues Estevam",
        "zipcode": "13872-238"
    },
    {
        "city": "Sao Joao Da Boa Vista",
        "state": "SP",
        "district": "Jardim Santo Andre",
        "street": "Rua Samuel Hanemann",
        "zipcode": "13872-029"
    },
    {
        "city": "Sao Joao Da Boa Vista",
        "state": "SP",
        "district": "Jardim Santo Andre",
        "street": "Rua Jose Vieira",
        "zipcode": "13874-078"
    },
    {
        "city": "Sao Joao Da Boa Vista",
        "state": "SP",
        "district": "Jardim Nova Sao Joao",
        "street": "Rua Augusto Caetano",
        "zipcode": "13874-178"
    },
    {
        "city": "Sao Joao Da Boa Vista",
        "state": "SP",
        "district": "Vila Santa Edwirges",
        "street": "Rua Ramiro Gianelli",
        "zipcode": "13874-249"
    },
    {
        "city": "Sao Joao Da Boa Vista",
        "state": "SP",
        "district": "Jardim Industrial",
        "street": "Rua Nadir Albino",
        "zipcode": "13872-325"
    },
    {
        "city": "Sao Joao Da Boa Vista",
        "state": "SP",
        "district": "Jardim Priscila",
        "street": "Avenida Dr Durval Nicolau",
        "zipcode": "13874-200"
    },
    {
        "city": "Sao Joao Da Boa Vista",
        "state": "SP",
        "district": "Vila Conceicao",
        "street": "Rua Mario Da Silva",
        "zipcode": "13872-239"
    },
    {
        "city": "Sao Joao Da Boa Vista",
        "state": "SP",
        "district": "Jardim Santa Clara",
        "street": "Rua Hemenegildo Dalcol",
        "zipcode": "13874-259"
    },
    {
        "city": "Sao Joao Da Boa Vista",
        "state": "SP",
        "district": "Jardim Santa Clara",
        "street": "Rua Felicio Rossi",
        "zipcode": "13874-290"
    },
    {
        "city": "Sao Joao Da Boa Vista",
        "state": "SP",
        "district": "Jardim Santo Andre",
        "street": "Rua Artur Bernardes",
        "zipcode": "13874-045"
    },
    {
        "city": "Sao Joao Da Boa Vista",
        "state": "SP",
        "district": "Jardim Del Plata",
        "street": "Rua Madre Maria Ines",
        "zipcode": "13873-150"
    },
    {
        "city": "Sao Joao Da Boa Vista",
        "state": "SP",
        "district": "Nucleo Durval Nicolau (Etapa 2)",
        "street": "Rua Paulo Goulardins",
        "zipcode": "13872-428"
    },
    {
        "city": "Sao Joao Da Boa Vista",
        "state": "SP",
        "district": "Vila Conceicao",
        "street": "Rua Pedro Alberto Fonseca",
        "zipcode": "13872-280"
    },
    {
        "city": "Sao Joao Da Boa Vista",
        "state": "SP",
        "district": "Vila Conceicao",
        "street": "Rua Juvenal Nogueira",
        "zipcode": "13872-230"
    },
    {
        "city": "Sao Joao Da Boa Vista",
        "state": "SP",
        "district": "Jardim Santa Clara",
        "street": "Rua Pedro Fracari",
        "zipcode": "13874-258"
    },
    {
        "city": "Sao Joao Da Boa Vista",
        "state": "SP",
        "district": "Vila Conceicao",
        "street": "Rua Emilio Cereja",
        "zipcode": "13872-220"
    },
    {
        "city": "Sao Joao Da Boa Vista",
        "state": "SP",
        "district": "Jardim Cledirna",
        "street": "Avenida Joao Vieira",
        "zipcode": "13872-650"
    },
    {
        "city": "Sao Joao Da Boa Vista",
        "state": "SP",
        "district": "Jardim Sao Thiago",
        "street": "Rua Sebastiao Matheus",
        "zipcode": "13874-097"
    },
    {
        "city": "Sao Joao Da Boa Vista",
        "state": "SP",
        "district": "Vila Santa Edwirges",
        "street": "Praça Thereza Lopes Yasbeck",
        "zipcode": "13874-247"
    },
    {
        "city": "Sao Joao Da Boa Vista",
        "state": "SP",
        "district": "Vila Santa Edwirges",
        "street": "Avenida Treze De Maio",
        "zipcode": "13874-270"
    },
    {
        "city": "Sao Joao Da Boa Vista",
        "state": "SP",
        "district": "Vila Conceicao",
        "street": "Travessa Laerte Sargaco",
        "zipcode": "13872-089"
    },
    {
        "city": "Sao Joao Da Boa Vista",
        "state": "SP",
        "district": "Jardim Nova Sao Joao",
        "street": "Rua Jair Silvestre",
        "zipcode": "13874-300"
    },
    {
        "city": "Sao Joao Da Boa Vista",
        "state": "SP",
        "district": "Nucleo Durval Nicolau (Etapa 2)",
        "street": "Rua Jose Doria Junior",
        "zipcode": "13872-350"
    },
    {
        "city": "Sao Joao Da Boa Vista",
        "state": "SP",
        "district": "Jardim Cledirna",
        "street": "Avenida Joao Bassi",
        "zipcode": "13872-657"
    },
    {
        "city": "Sao Joao Da Boa Vista",
        "state": "SP",
        "district": "Jardim Santo Andre",
        "street": "Praça Veldo De Vasconcelos Westin",
        "zipcode": "13874-105"
    },
    {
        "city": "Sao Joao Da Boa Vista",
        "state": "SP",
        "district": "Nucleo Durval Nicolau (Etapa 2)",
        "street": "Rua Antenor Viana",
        "zipcode": "13872-429"
    },
    {
        "city": "Sao Joao Da Boa Vista",
        "state": "SP",
        "district": "Nucleo Residencial Durval Nicolau 3",
        "street": "Rua Airton Moretto",
        "zipcode": "13872-313"
    },
    {
        "city": "Sao Joao Da Boa Vista",
        "state": "SP",
        "district": "Jardim Cledirna",
        "street": "Rua Augusto N. Pinto",
        "zipcode": "13872-658"
    },
    {
        "city": "Sao Joao Da Boa Vista",
        "state": "SP",
        "district": "Jardim Recanto",
        "street": "Rodovia Sp",
        "zipcode": "13871-350"
    },
    {
        "city": "Sao Joao Da Boa Vista",
        "state": "SP",
        "district": "Vila Conceicao",
        "street": "Rua Agenor Binatti",
        "zipcode": "13872-229"
    },
    {
        "city": "Sao Joao Da Boa Vista",
        "state": "SP",
        "district": "Jardim Santa Clara",
        "street": "Rua Lucio Dos Santos",
        "zipcode": "13874-298"
    },
    {
        "city": "Sao Joao Da Boa Vista",
        "state": "SP",
        "district": "Nucleo Durval Nicolau (Etapa 2)",
        "street": "Rua Joao Bruno Junior",
        "zipcode": "13872-358"
    },
    {
        "city": "Sao Joao Da Boa Vista",
        "state": "SP",
        "district": "Jardim Italia",
        "street": "Acesso Para Vargem Grande Do Sul",
        "zipcode": "13872-356"
    },
    {
        "city": "Sao Joao Da Boa Vista",
        "state": "SP",
        "district": "Nucleo Durval Nicolau (Etapa 2)",
        "street": "Rua Evaristo Sartorio",
        "zipcode": "13872-359"
    },
    {
        "city": "Sao Joao Da Boa Vista",
        "state": "SP",
        "district": "Jardim Nova Sao Joao",
        "street": "Rua Maria Aparecida S. Gimenes",
        "zipcode": "13874-169"
    },
    {
        "city": "Sao Joao Da Boa Vista",
        "state": "SP",
        "district": "Jardim Nova Sao Joao",
        "street": "Rua Leonor E. R. Rodrigues",
        "zipcode": "13874-168"
    },
    {
        "city": "Sao Joao Da Boa Vista",
        "state": "SP",
        "district": "Vila Santa Edwirges",
        "street": "Rua Belisario Borges Da Costa",
        "zipcode": "13874-248"
    },
    {
        "city": "Sao Joao Da Boa Vista",
        "state": "SP",
        "district": "Nucleo Durval Nicolau (Etapa 1)",
        "street": "Praça Joao Pires",
        "zipcode": "13872-609"
    },
    {
        "city": "Sao Joao Da Boa Vista",
        "state": "SP",
        "district": "Parque Das Nacoes",
        "street": "Rua Vicente Lombardi",
        "zipcode": "13874-238"
    },
    {
        "city": "Sao Joao Da Boa Vista",
        "state": "SP",
        "district": "Jardim Sao Manoel",
        "street": "Rua Astolpho Pimenta De Assis",
        "zipcode": "13872-059"
    },
    {
        "city": "Sao Joao Da Boa Vista",
        "state": "SP",
        "district": "Jardim Sao Thiago",
        "street": "Rua Romildo Jose Pinto",
        "zipcode": "13874-098"
    },
    {
        "city": "Sao Joao Da Boa Vista",
        "state": "SP",
        "district": "Jardim Primeiro De Maio",
        "street": "Praça Irene Andrade Candido",
        "zipcode": "13873-046"
    },
    {
        "city": "Sao Joao Da Boa Vista",
        "state": "SP",
        "district": "Jardim Santo Andre",
        "street": "Rua Irmas Westin",
        "zipcode": "13874-060"
    },
    {
        "city": "Sao Joao Da Boa Vista",
        "state": "SP",
        "district": "Jardim Santo Andre",
        "street": "Rua Joaquim Goulardins",
        "zipcode": "13874-070"
    },
    {
        "city": "Sao Joao Da Boa Vista",
        "state": "SP",
        "district": "Jardim Nova Sao Joao",
        "street": "Rua Dorival Blota",
        "zipcode": "13874-160"
    },
    {
        "city": "Sao Joao Da Boa Vista",
        "state": "SP",
        "district": "Vila Brasil",
        "street": "Rua Onofre Antonio",
        "zipcode": "13875-147"
    },
    {
        "city": "Sao Joao Da Boa Vista",
        "state": "SP",
        "district": "Vila Valentin",
        "street": "Praça Presidente Juscelino Kubitschek Oliveira",
        "zipcode": "13873-098"
    },
    {
        "city": "Sao Joao Da Boa Vista",
        "state": "SP",
        "district": "Jardim Canada",
        "street": "Rua Luiz Antonio Rosina",
        "zipcode": "13874-319"
    },
    {
        "city": "Sao Joao Da Boa Vista",
        "state": "SP",
        "district": "Vila Brasil",
        "street": "Avenida Senador Marcos Freire",
        "zipcode": "13875-390"
    },
    {
        "city": "Sao Joao Da Boa Vista",
        "state": "SP",
        "district": "Jardim Vila Rica",
        "street": "Rua Antonio Jose Milan",
        "zipcode": "13876-189"
    },
    {
        "city": "Sao Joao Da Boa Vista",
        "state": "SP",
        "district": "Vila Valentin",
        "street": "Rua Antonio Batista",
        "zipcode": "13873-079"
    },
    {
        "city": "Sao Joao Da Boa Vista",
        "state": "SP",
        "district": "Vila Brasil",
        "street": "Rua Jose Ocette",
        "zipcode": "13875-159"
    },
    {
        "city": "Sao Joao Da Boa Vista",
        "state": "SP",
        "district": "Vila Valentin",
        "street": "Rua Jose Primola",
        "zipcode": "13873-070"
    },
    {
        "city": "Sao Joao Da Boa Vista",
        "state": "SP",
        "district": "Jardim Vila Rica",
        "street": "Rua Elvira Fanelli Galli",
        "zipcode": "13876-120"
    },
    {
        "city": "Sao Joao Da Boa Vista",
        "state": "SP",
        "district": "Jardim Amelia",
        "street": "Rua Nilson Bertoli",
        "zipcode": "13876-469"
    },
    {
        "city": "Sao Joao Da Boa Vista",
        "state": "SP",
        "district": "Jardim Nova Republica (3A Etapa)",
        "street": "Rua Walter Adolpho Simon",
        "zipcode": "13875-276"
    },
    {
        "city": "Sao Joao Da Boa Vista",
        "state": "SP",
        "district": "Jardim Santa Clara",
        "street": "Rua Wagner Pedro Bom",
        "zipcode": "13874-268"
    },
    {
        "city": "Sao Joao Da Boa Vista",
        "state": "SP",
        "district": "Vila Brasil",
        "street": "Rua Santa Filomena",
        "zipcode": "13875-110"
    },
    {
        "city": "Sao Joao Da Boa Vista",
        "state": "SP",
        "district": "Vila Brasil",
        "street": "Rua Henrique Martarello",
        "zipcode": "13875-100"
    },
    {
        "city": "Sao Joao Da Boa Vista",
        "state": "SP",
        "district": "Jardim Nova Republica",
        "street": "Rua Oswaldo P. Splettstoser",
        "zipcode": "13875-239"
    },
    {
        "city": "Sao Joao Da Boa Vista",
        "state": "SP",
        "district": "Jardim Sao Nicolau",
        "street": "Rua Nasri Paulo Zogbi",
        "zipcode": "13876-179"
    },
    {
        "city": "Sao Joao Da Boa Vista",
        "state": "SP",
        "district": "Jardim Nova Republica (3A Etapa)",
        "street": "Rua Prof. Antonia M. Sguassaiba",
        "zipcode": "13875-377"
    },
    {
        "city": "Sao Joao Da Boa Vista",
        "state": "SP",
        "district": "Jardim Sao Nicolau",
        "street": "Rua Clotilde Dias",
        "zipcode": "13876-159"
    },
    {
        "city": "Sao Joao Da Boa Vista",
        "state": "SP",
        "district": "Jardim Guanabara",
        "street": "Estrada Pedra Balao",
        "zipcode": "13873-065"
    },
    {
        "city": "Sao Joao Da Boa Vista",
        "state": "SP",
        "district": "Jardim Aeroporto Eldorado",
        "street": "Rua Nana Salomao",
        "zipcode": "13875-370"
    },
    {
        "city": "Sao Joao Da Boa Vista",
        "state": "SP",
        "district": "Jardim Progresso",
        "street": "Praça Isaura T. De Vasconcelos",
        "zipcode": "13876-300"
    },
    {
        "city": "Sao Joao Da Boa Vista",
        "state": "SP",
        "district": "Jardim Magalhaes",
        "street": "Rua Osvaldo Americo Carneiro",
        "zipcode": "13876-420"
    },
    {
        "city": "Sao Joao Da Boa Vista",
        "state": "SP",
        "district": "Vila Brasil",
        "street": "Rua Um",
        "zipcode": "13875-222"
    },
    {
        "city": "Sao Joao Da Boa Vista",
        "state": "SP",
        "district": "Jardim Vila Rica",
        "street": "Rua Guilherme Ciacco",
        "zipcode": "13876-110"
    },
    {
        "city": "Sao Joao Da Boa Vista",
        "state": "SP",
        "district": "Jardim Nova Republica (3A Etapa)",
        "street": "Rua Pedro Martinelli",
        "zipcode": "13875-279"
    },
    {
        "city": "Sao Joao Da Boa Vista",
        "state": "SP",
        "district": "Jardim Dona Tereza Ii",
        "street": "Rua Jose Alfredo De Almeida",
        "zipcode": "13874-518"
    },
    {
        "city": "Sao Joao Da Boa Vista",
        "state": "SP",
        "district": "Vila Brasil",
        "street": "Rua Monsenhor Joao Ramalho",
        "zipcode": "13875-150"
    },
    {
        "city": "Sao Joao Da Boa Vista",
        "state": "SP",
        "district": "Jardim Recreio",
        "street": "Rua Cota Camarinha",
        "zipcode": "13875-008"
    },
    {
        "city": "Sao Joao Da Boa Vista",
        "state": "SP",
        "district": "Vila Brasil",
        "street": "Rua Maria Jose Gallo Lopes",
        "zipcode": "13875-160"
    },
    {
        "city": "Sao Joao Da Boa Vista",
        "state": "SP",
        "district": "Pratinha",
        "street": "Rua Sao Luiz",
        "zipcode": "13873-119"
    },
    {
        "city": "Sao Joao Da Boa Vista",
        "state": "SP",
        "district": "Alegre",
        "street": "Largo Da Estacao",
        "zipcode": "13874-578"
    },
    {
        "city": "Sao Joao Da Boa Vista",
        "state": "SP",
        "district": "Parque Colina Da Mantiqueira",
        "street": "Rua Romeu Nhola",
        "zipcode": "13874-378"
    },
    {
        "city": "Sao Joao Da Boa Vista",
        "state": "SP",
        "district": "Jardim Sao Nicolau",
        "street": "Rua Agostinho Cenzi",
        "zipcode": "13876-160"
    },
    {
        "city": "Sao Joao Da Boa Vista",
        "state": "SP",
        "district": "Jardim Aeroporto Eldorado",
        "street": "Rua Wildensor Rodrigues Milton",
        "zipcode": "13875-379"
    },
    {
        "city": "Sao Joao Da Boa Vista",
        "state": "SP",
        "district": "Sao Marcos",
        "street": "Avenida Dr Joao Batista De A. Barbosa",
        "zipcode": "13876-000"
    },
    {
        "city": "Sao Joao Da Boa Vista",
        "state": "SP",
        "district": "Salario Da Mantiqueira",
        "street": "Rua Antonio D. De Souza",
        "zipcode": "13875-266"
    },
    {
        "city": "Sao Joao Da Boa Vista",
        "state": "SP",
        "district": "Pratinha",
        "street": "Travessa Sao Luiz",
        "zipcode": "13873-118"
    },
    {
        "city": "Sao Joao Da Boa Vista",
        "state": "SP",
        "district": "Jardim Recanto Do Jaguari",
        "street": "Rua Terezinha Pasquini",
        "zipcode": "13872-249"
    },
    {
        "city": "Sao Joao Da Boa Vista",
        "state": "SP",
        "district": "Jardim Del Plata",
        "street": "Rua Osvaldo Luiz Ferraro",
        "zipcode": "13873-128"
    },
    {
        "city": "Sao Joao Da Boa Vista",
        "state": "SP",
        "district": "Jardim Santo Andre",
        "street": "Avenida Joao Batista Bernardes",
        "zipcode": "13874-100"
    },
    {
        "city": "Sao Joao Da Boa Vista",
        "state": "SP",
        "district": "Centro",
        "street": "Praça Perpetuo Socorro",
        "zipcode": "13870-751"
    },
    {
        "city": "Sao Joao Da Boa Vista",
        "state": "SP",
        "district": "Vila Clayton",
        "street": "Rua Joao Matos Tavares",
        "zipcode": "13871-030"
    },
    {
        "city": "Sao Joao Da Boa Vista",
        "state": "SP",
        "district": "Jardim Sao Jorge",
        "street": "Rua Diamante",
        "zipcode": "13870-687"
    },
    {
        "city": "Sao Joao Da Boa Vista",
        "state": "SP",
        "district": "Jardim Santo Andre",
        "street": "Rua Joaquim Candido De Oliveira Filho",
        "zipcode": "13870-406"
    },
    {
        "city": "Sao Joao Da Boa Vista",
        "state": "SP",
        "district": "Rosario",
        "street": "Rua Sao Miguel",
        "zipcode": "13870-368"
    },
    {
        "city": "Sao Joao Da Boa Vista",
        "state": "SP",
        "district": "Sao Lazaro",
        "street": "Rua General Osorio",
        "zipcode": "13870-040"
    },
    {
        "city": "Sao Joao Da Boa Vista",
        "state": "SP",
        "district": "Centro",
        "street": "Rua Silviano Barbosa",
        "zipcode": "13870-500"
    },
    {
        "city": "Sao Joao Da Boa Vista",
        "state": "SP",
        "district": "Perpetuo Socorro",
        "street": "Rua Estevam Vaz De Lima",
        "zipcode": "13870-799"
    },
    {
        "city": "Sao Joao Da Boa Vista",
        "state": "SP",
        "district": "Nucleo Durval Nicolau (Etapa 2)",
        "street": "Rua Jose Ramon Poveda",
        "zipcode": "13872-357"
    },
    {
        "city": "Sao Joao Da Boa Vista",
        "state": "SP",
        "district": "Santo Antonio",
        "street": "Rua Coronel Jose Procopio",
        "zipcode": "13871-220"
    },
    {
        "city": "Sao Joao Da Boa Vista",
        "state": "SP",
        "district": "Recanto Das Paineiras",
        "street": "Travessa Joaquim Osorio",
        "zipcode": "13870-178"
    },
    {
        "city": "Sao Joao Da Boa Vista",
        "state": "SP",
        "district": "Jardim Nova Sao Joao",
        "street": "Avenida Lazaro P. Magalhaes",
        "zipcode": "13874-170"
    },
    {
        "city": "Sao Joao Da Boa Vista",
        "state": "SP",
        "district": "Centro",
        "street": "Praça Jose Nascimento Ribeiro",
        "zipcode": "13870-279"
    },
    {
        "city": "Sao Joao Da Boa Vista",
        "state": "SP",
        "district": "Jardim Santo Andre",
        "street": "Rua Jose Apolinario Neves",
        "zipcode": "13874-079"
    },
    {
        "city": "Sao Joao Da Boa Vista",
        "state": "SP",
        "district": "Nucleo Residencial Durval Nicolau 3",
        "street": "Rua Antonio F. Cambas",
        "zipcode": "13872-317"
    },
    {
        "city": "Sao Joao Da Boa Vista",
        "state": "SP",
        "district": "Jardim Santa Helena",
        "street": "Rua Helio Jose Gianelli",
        "zipcode": "13874-047"
    },
    {
        "city": "Sao Joao Da Boa Vista",
        "state": "SP",
        "district": "Jardim Sao Jorge",
        "street": "Avenida Treze De Maio",
        "zipcode": "13870-660"
    },
    {
        "city": "Sao Joao Da Boa Vista",
        "state": "SP",
        "district": "Vila Conceicao",
        "street": "Rua Maria Esteves Zanetti",
        "zipcode": "13872-240"
    },
    {
        "city": "Sao Joao Da Boa Vista",
        "state": "SP",
        "district": "Jardim Nova Sao Joao",
        "street": "Rua Vlademir Herzog",
        "zipcode": "13874-310"
    },
    {
        "city": "Sao Joao Da Boa Vista",
        "state": "SP",
        "district": "Jardim Nova Republica (3A Etapa)",
        "street": "Rua Joao Santos Matos",
        "zipcode": "13875-275"
    },
    {
        "city": "Sao Joao Da Boa Vista",
        "state": "SP",
        "district": "Pratinha",
        "street": "Rua Dos Tavares",
        "zipcode": "13872-009"
    },
    {
        "city": "Sao Joao Da Boa Vista",
        "state": "SP",
        "district": "Centro",
        "street": "Travessa Antonio Candido",
        "zipcode": "13870-777"
    },
    {
        "city": "Sao Joao Da Boa Vista",
        "state": "SP",
        "district": "Centro",
        "street": "Rua Monsenhor Vinheta",
        "zipcode": "13870-770"
    },
    {
        "city": "Sao Joao Da Boa Vista",
        "state": "SP",
        "district": "Vila Brasil",
        "street": "Rua Santa Maria",
        "zipcode": "13875-120"
    },
    {
        "city": "Sao Joao Da Boa Vista",
        "state": "SP",
        "district": "Vila Brasil",
        "street": "Rua Tres",
        "zipcode": "13875-221"
    },
    {
        "city": "Sao Joao Da Boa Vista",
        "state": "SP",
        "district": "Jardim Boa Vista",
        "street": "Rua Gesualdo Blasi",
        "zipcode": "13871-127"
    },
    {
        "city": "Sao Joao Da Boa Vista",
        "state": "SP",
        "district": "Nucleo Durval Nicolau (Etapa 2)",
        "street": "Rua Luiza Adibe Antakly",
        "zipcode": "13872-438"
    },
    {
        "city": "Sao Joao Da Boa Vista",
        "state": "SP",
        "district": "Vila Estrela",
        "street": "Rua Orlando Ferraz",
        "zipcode": "13871-199"
    },
    {
        "city": "Sao Joao Da Boa Vista",
        "state": "SP",
        "district": "Parque Residencial Jardim Sao Domingos",
        "street": "Rodovia Sp",
        "zipcode": "13874-344"
    },
    {
        "city": "Sao Joao Da Boa Vista",
        "state": "SP",
        "district": "Jardim Sao Nicolau",
        "street": "Rua Jorge Joao Nasser",
        "zipcode": "13876-169"
    },
    {
        "city": "Sao Joao Da Boa Vista",
        "state": "SP",
        "district": "Vila Isabel",
        "street": "Rua Izabel Carvalho Bastos",
        "zipcode": "13871-136"
    },
    {
        "city": "Sao Joao Da Boa Vista",
        "state": "SP",
        "district": "Vila Santa Edwirges",
        "street": "Rua Prof. Luiz Gonzaga De Godoy",
        "zipcode": "13874-240"
    },
    {
        "city": "Sao Joao Da Boa Vista",
        "state": "SP",
        "district": "Vila Valentin",
        "street": "Rua Francisco Antonio Mancini",
        "zipcode": "13873-078"
    },
    {
        "city": "Sao Joao Da Boa Vista",
        "state": "SP",
        "district": "Jardim Aeroporto Eldorado",
        "street": "Rua Conceicao M. B. Rodrigues",
        "zipcode": "13875-378"
    },
    {
        "city": "Sao Joao Da Boa Vista",
        "state": "SP",
        "district": "Jardim Cledirna",
        "street": "Rua Waldemar De S. Redher",
        "zipcode": "13872-659"
    },
    {
        "city": "Sao Joao Da Boa Vista",
        "state": "SP",
        "district": "Jardim Nova Republica",
        "street": "Rua Andre Franco Montoro",
        "zipcode": "13875-219"
    },
    {
        "city": "Sao Joao Da Boa Vista",
        "state": "SP",
        "district": "Jardim Santa Clara",
        "street": "Rua Jose Chirleu Mourao",
        "zipcode": "13874-269"
    },
    {
        "city": "Sao Joao Da Boa Vista",
        "state": "SP",
        "district": "Jardim Primeiro De Maio",
        "street": "Rua Leoncio Maciel De Godoy",
        "zipcode": "13872-099"
    },
    {
        "city": "Sao Joao Da Boa Vista",
        "state": "SP",
        "district": "Centro",
        "street": "Rua Olaia",
        "zipcode": "13870-776"
    },
    {
        "city": "Sao Joao Da Boa Vista",
        "state": "SP",
        "district": "Vila Nossa Senhora De Fatima",
        "street": "Estrada Municipal",
        "zipcode": "13872-494"
    },
    {
        "city": "Sao Joao Da Boa Vista",
        "state": "SP",
        "district": "Centro",
        "street": "Praça Anesia Martins Mattos",
        "zipcode": "13870-309"
    },
    {
        "city": "Sao Joao Da Boa Vista",
        "state": "SP",
        "district": "Jardim Guanabara",
        "street": "Rua Antonio Torres",
        "zipcode": "13873-048"
    },
    {
        "city": "Sao Joao Da Boa Vista",
        "state": "SP",
        "district": "Parque Das Nacoes",
        "street": "Rua Jacyra R. C. Celestino",
        "zipcode": "13870-588"
    },
    {
        "city": "Sao Joao Da Boa Vista",
        "state": "SP",
        "district": "Jardim Nova Sao Joao",
        "street": "Avenida Joao Batista Bernardes (Municipali)",
        "zipcode": "13874-102"
    },
    {
        "city": "Sao Joao Da Boa Vista",
        "state": "SP",
        "district": "Vila Valentin Nova",
        "street": "Rua Emilio Tarifa Conde",
        "zipcode": "13873-087"
    },
    {
        "city": "Sao Joao Da Boa Vista",
        "state": "SP",
        "district": "Vila Brasil",
        "street": "Rua Tancredo De Almeida Neves",
        "zipcode": "13875-220"
    },
    {
        "city": "Sao Joao Da Boa Vista",
        "state": "SP",
        "district": "Centro",
        "street": "Rua Frei Caneca",
        "zipcode": "13870-396"
    },
    {
        "city": "Sao Joao Da Boa Vista",
        "state": "SP",
        "district": "Centro",
        "street": "Rua Bahia",
        "zipcode": "13870-398"
    },
    {
        "city": "Sao Joao Da Boa Vista",
        "state": "SP",
        "district": "Jardim Nova Sao Joao",
        "street": "Rua Custodio R.borges",
        "zipcode": "13874-199"
    },
    {
        "city": "Sao Joao Da Boa Vista",
        "state": "SP",
        "district": "Santo Antonio",
        "street": "Rua Onofre Osorio Dos Reis",
        "zipcode": "13871-216"
    },
    {
        "city": "Sao Joao Da Boa Vista",
        "state": "SP",
        "district": "Jardim Nova Sao Joao",
        "street": "Rua Teodoro Paulucci",
        "zipcode": "13874-180"
    },
    {
        "city": "Sao Joao Da Boa Vista",
        "state": "SP",
        "district": "Nucleo Residencial Durval Nicolau 3",
        "street": "Rua Italia Bovo",
        "zipcode": "13872-318"
    }
]