[
    {
        "city": "Sao Jose Dos Campos",
        "state": "SP",
        "district": "Jardim Paraisopolis",
        "street": "Rua Trinta E Tres",
        "zipcode": "12248-046"
    },
    {
        "city": "Sao Jose Dos Campos",
        "state": "SP",
        "district": "Urbanova Ii",
        "street": "Rua Ub 13",
        "zipcode": "12244-478"
    },
    {
        "city": "Sao Jose Dos Campos",
        "state": "SP",
        "district": "Coqueiro",
        "street": "Rua Cinco",
        "zipcode": "12248-061"
    },
    {
        "city": "Sao Jose Dos Campos",
        "state": "SP",
        "district": "Jardim Alves Terra",
        "street": "Rua Um",
        "zipcode": "12229-570"
    },
    {
        "city": "Sao Jose Dos Campos",
        "state": "SP",
        "district": "Jardim Imperial",
        "street": "Rua H",
        "zipcode": "12234-200"
    },
    {
        "city": "Sao Jose Dos Campos",
        "state": "SP",
        "district": "Santana",
        "street": "Rua Manoel Lemes Palmeira",
        "zipcode": "12211-130"
    },
    {
        "city": "Sao Jose Dos Campos",
        "state": "SP",
        "district": "Urbanova Ii",
        "street": "Rua Ub 18",
        "zipcode": "12244-483"
    },
    {
        "city": "Sao Jose Dos Campos",
        "state": "SP",
        "district": "Urbanova Ii",
        "street": "Rua Ub 24",
        "zipcode": "12244-489"
    },
    {
        "city": "Sao Jose Dos Campos",
        "state": "SP",
        "district": "Jardim Alves Terra",
        "street": "Rua Dois",
        "zipcode": "12229-590"
    },
    {
        "city": "Sao Jose Dos Campos",
        "state": "SP",
        "district": "Jardim Alves Terra",
        "street": "Avenida Um",
        "zipcode": "12229-540"
    },
    {
        "city": "Sao Jose Dos Campos",
        "state": "SP",
        "district": "Jardim Paraisopolis",
        "street": "Rua Vinte",
        "zipcode": "12248-032"
    },
    {
        "city": "Sao Jose Dos Campos",
        "state": "SP",
        "district": "Jardim Alves Terra",
        "street": "Rua Quatro",
        "zipcode": "12229-560"
    },
    {
        "city": "Sao Jose Dos Campos",
        "state": "SP",
        "district": "Jardim Alves Terra",
        "street": "Rua Tres",
        "zipcode": "12229-550"
    },
    {
        "city": "Sao Jose Dos Campos",
        "state": "SP",
        "district": "Urbanova Ii",
        "street": "Rua Ub 10",
        "zipcode": "12244-475"
    },
    {
        "city": "Sao Jose Dos Campos",
        "state": "SP",
        "district": "Urbanova Ii",
        "street": "Rua Ub 8",
        "zipcode": "12244-473"
    },
    {
        "city": "Sao Jose Dos Campos",
        "state": "SP",
        "district": "Jardim Paraisopolis",
        "street": "Rua Dezenove",
        "zipcode": "12248-031"
    },
    {
        "city": "Sao Jose Dos Campos",
        "state": "SP",
        "district": "Urbanova Ii",
        "street": "Rua Ub 6",
        "zipcode": "12244-471"
    },
    {
        "city": "Sao Jose Dos Campos",
        "state": "SP",
        "district": "Coqueiro",
        "street": "Rua Tres",
        "zipcode": "12248-058"
    },
    {
        "city": "Sao Jose Dos Campos",
        "state": "SP",
        "district": "Coqueiro",
        "street": "Rua Oito",
        "zipcode": "12248-064"
    },
    {
        "city": "Sao Jose Dos Campos",
        "state": "SP",
        "district": "Vila Sinha",
        "street": "Rua Ricardo Goncalves",
        "zipcode": "12213-120"
    },
    {
        "city": "Sao Jose Dos Campos",
        "state": "SP",
        "district": "Alto Da Ponte",
        "street": "Avenida Rui Barbosa",
        "zipcode": "12213-300"
    },
    {
        "city": "Sao Jose Dos Campos",
        "state": "SP",
        "district": "Santana",
        "street": "Travessa Herminio Intrieri",
        "zipcode": "12211-610"
    },
    {
        "city": "Sao Jose Dos Campos",
        "state": "SP",
        "district": "Vila Sao Geraldo",
        "street": "Estrada Para Bonsucesso",
        "zipcode": "12213-230"
    },
    {
        "city": "Sao Jose Dos Campos",
        "state": "SP",
        "district": "Vila Candida",
        "street": "Rua B",
        "zipcode": "12213-561"
    },
    {
        "city": "Sao Jose Dos Campos",
        "state": "SP",
        "district": "Jardim Altos De Santana",
        "street": "Estrada Juca Carvalho",
        "zipcode": "12214-470"
    },
    {
        "city": "Sao Jose Dos Campos",
        "state": "SP",
        "district": "Vila Cristina",
        "street": "Rua Jose Dias Medeiros",
        "zipcode": "12211-420"
    },
    {
        "city": "Sao Jose Dos Campos",
        "state": "SP",
        "district": "Santana",
        "street": "Rua Tapajos",
        "zipcode": "12211-630"
    },
    {
        "city": "Sao Jose Dos Campos",
        "state": "SP",
        "district": "Vila Terezinha",
        "street": "Rua Belem",
        "zipcode": "12209-340"
    },
    {
        "city": "Sao Jose Dos Campos",
        "state": "SP",
        "district": "Vila Terezinha",
        "street": "Rua Curitiba",
        "zipcode": "12209-350"
    },
    {
        "city": "Sao Jose Dos Campos",
        "state": "SP",
        "district": "Vila Terezinha",
        "street": "Rua Recife",
        "zipcode": "12209-370"
    },
    {
        "city": "Sao Jose Dos Campos",
        "state": "SP",
        "district": "Vila Terezinha",
        "street": "Rua Manaus",
        "zipcode": "12209-380"
    },
    {
        "city": "Sao Jose Dos Campos",
        "state": "SP",
        "district": "Vila Cristina",
        "street": "Travessa Claudino Prisco",
        "zipcode": "12211-460"
    },
    {
        "city": "Sao Jose Dos Campos",
        "state": "SP",
        "district": "Vila Veneziani",
        "street": "Rua Maria Renata Alcantara Manfredini",
        "zipcode": "12212-830"
    },
    {
        "city": "Sao Jose Dos Campos",
        "state": "SP",
        "district": "Centro",
        "street": "Rua Romeu Carnevalli",
        "zipcode": "12209-490"
    },
    {
        "city": "Sao Jose Dos Campos",
        "state": "SP",
        "district": "Jardim Americano",
        "street": "Avenida Presidente Tancredo Neves",
        "zipcode": "12225-000"
    },
    {
        "city": "Sao Jose Dos Campos",
        "state": "SP",
        "district": "Jardim Paulista",
        "street": "Avenida Santos Dumont",
        "zipcode": "12215-130"
    },
    {
        "city": "Sao Jose Dos Campos",
        "state": "SP",
        "district": "Jardim Ismenia",
        "street": "Rua Diamantina",
        "zipcode": "12220-510"
    },
    {
        "city": "Sao Jose Dos Campos",
        "state": "SP",
        "district": "Mirante Do Buquirinha",
        "street": "Rua Cinco",
        "zipcode": "12214-426"
    },
    {
        "city": "Sao Jose Dos Campos",
        "state": "SP",
        "district": "Vila Maria",
        "street": "Praça Bicentenario",
        "zipcode": "12209-710"
    },
    {
        "city": "Sao Jose Dos Campos",
        "state": "SP",
        "district": "Jardim Bela Vista",
        "street": "Rua Capitao Roberto Ferreira Maldos",
        "zipcode": "12209-480"
    },
    {
        "city": "Sao Jose Dos Campos",
        "state": "SP",
        "district": "Dos Freitas",
        "street": "Avenida Principal",
        "zipcode": "12214-431"
    },
    {
        "city": "Sao Jose Dos Campos",
        "state": "SP",
        "district": "Vila Nova Cristina",
        "street": "Rua E",
        "zipcode": "12211-580"
    },
    {
        "city": "Sao Jose Dos Campos",
        "state": "SP",
        "district": "Vila Sinha",
        "street": "Estrada Jaguari",
        "zipcode": "12213-001"
    },
    {
        "city": "Sao Jose Dos Campos",
        "state": "SP",
        "district": "Vila Santa Luzia",
        "street": "Viaduto Raquel Marcondes",
        "zipcode": "12216-790"
    },
    {
        "city": "Sao Jose Dos Campos",
        "state": "SP",
        "district": "Vila Nova Cristina",
        "street": "Rua A",
        "zipcode": "12211-551"
    },
    {
        "city": "Sao Jose Dos Campos",
        "state": "SP",
        "district": "Vila Rangel",
        "street": "Travessa Francisca Moreira Rangel",
        "zipcode": "12211-540"
    },
    {
        "city": "Sao Jose Dos Campos",
        "state": "SP",
        "district": "Jardim Paraiso Do Sol",
        "street": "Rua Benedicto Albino Tomaz",
        "zipcode": "12225-260"
    },
    {
        "city": "Sao Jose Dos Campos",
        "state": "SP",
        "district": "Centro",
        "street": "Avenida Sao Jose",
        "zipcode": "12209-720"
    },
    {
        "city": "Sao Jose Dos Campos",
        "state": "SP",
        "district": "Jardim Altos De Santana",
        "street": "Rua Trinta E Quatro",
        "zipcode": "12214-360"
    },
    {
        "city": "Sao Jose Dos Campos",
        "state": "SP",
        "district": "Jardim Mesquita",
        "street": "Rua C 2",
        "zipcode": "12229-387"
    },
    {
        "city": "Sao Jose Dos Campos",
        "state": "SP",
        "district": "Vila Cristina",
        "street": "Rua Antonio Rodrigues Guedes Do Prado",
        "zipcode": "12211-530"
    },
    {
        "city": "Sao Jose Dos Campos",
        "state": "SP",
        "district": "Vila Industrial",
        "street": "Rua Isaku Ihara",
        "zipcode": "12220-481"
    },
    {
        "city": "Sao Jose Dos Campos",
        "state": "SP",
        "district": "Jardim Altos De Santana",
        "street": "Rua Horto Florestal",
        "zipcode": "12214-490"
    },
    {
        "city": "Sao Jose Dos Campos",
        "state": "SP",
        "district": "Vila Nova Cristina",
        "street": "Rua Targino Cardoso De Araujo",
        "zipcode": "12211-621"
    },
    {
        "city": "Sao Jose Dos Campos",
        "state": "SP",
        "district": "Vila Rossi",
        "street": "Avenida Rui Barbosa",
        "zipcode": "12211-000"
    },
    {
        "city": "Sao Jose Dos Campos",
        "state": "SP",
        "district": "Parque Residencial Flamboyant",
        "street": "Rua Dois",
        "zipcode": "12227-002"
    },
    {
        "city": "Sao Jose Dos Campos",
        "state": "SP",
        "district": "Vila Cristina",
        "street": "Praça Luiz Mioni",
        "zipcode": "12211-531"
    },
    {
        "city": "Sao Jose Dos Campos",
        "state": "SP",
        "district": "Vila Cristina",
        "street": "Rua Jose De Oliveira Prisco",
        "zipcode": "12211-550"
    },
    {
        "city": "Sao Jose Dos Campos",
        "state": "SP",
        "district": "Jardim Pararangaba",
        "street": "Rua Vinte E Quatro",
        "zipcode": "12224-796"
    },
    {
        "city": "Sao Jose Dos Campos",
        "state": "SP",
        "district": "Vila Sao Geraldo",
        "street": "Rua Recanto Do Caete",
        "zipcode": "12213-321"
    },
    {
        "city": "Sao Jose Dos Campos",
        "state": "SP",
        "district": "Campos De Sao Jose",
        "street": "Avenida Eduardo Lourenco",
        "zipcode": "12226-000"
    },
    {
        "city": "Sao Jose Dos Campos",
        "state": "SP",
        "district": "Buquirinha",
        "street": "Estrada Jose Benedito De Oliveira (Zeca Pinto)",
        "zipcode": "12213-842"
    },
    {
        "city": "Sao Jose Dos Campos",
        "state": "SP",
        "district": "Vila Santa Luzia",
        "street": "Travessa Santa Cruz",
        "zipcode": "12209-711"
    },
    {
        "city": "Sao Jose Dos Campos",
        "state": "SP",
        "district": "Jardim Universo",
        "street": "Praça Cambara",
        "zipcode": "12220-210"
    },
    {
        "city": "Sao Jose Dos Campos",
        "state": "SP",
        "district": "Vila Dirce",
        "street": "Rua Jose Fernando De Almeida Moura",
        "zipcode": "12212-840"
    },
    {
        "city": "Sao Jose Dos Campos",
        "state": "SP",
        "district": "Vila Sao Geraldo",
        "street": "Rua Joaquim Teodoro Da Silva",
        "zipcode": "12213-450"
    },
    {
        "city": "Sao Jose Dos Campos",
        "state": "SP",
        "district": "Jardim Altos De Santana",
        "street": "Estrada Pedro Moacir De Almeida",
        "zipcode": "12214-480"
    },
    {
        "city": "Sao Jose Dos Campos",
        "state": "SP",
        "district": "Vila Nova Cristina",
        "street": "Rua B",
        "zipcode": "12211-560"
    },
    {
        "city": "Sao Jose Dos Campos",
        "state": "SP",
        "district": "Vila Progresso",
        "street": "Avenida Senador Teotonio Vilela",
        "zipcode": "12209-730"
    },
    {
        "city": "Sao Jose Dos Campos",
        "state": "SP",
        "district": "Vila Tatetuba",
        "street": "Rodovia Presidente Dutra",
        "zipcode": "12220-840"
    },
    {
        "city": "Sao Jose Dos Campos",
        "state": "SP",
        "district": "Santana",
        "street": "Travessa Antonio De Souza Neves",
        "zipcode": "12211-150"
    },
    {
        "city": "Sao Jose Dos Campos",
        "state": "SP",
        "district": "Vila Candida",
        "street": "Rua Maria Candida Delgado",
        "zipcode": "12213-330"
    },
    {
        "city": "Sao Jose Dos Campos",
        "state": "SP",
        "district": "Bom Retiro",
        "street": "Rua Irene Toledo De Souza Gomes",
        "zipcode": "12223-821"
    },
    {
        "city": "Sao Jose Dos Campos",
        "state": "SP",
        "district": "Vila Cristina",
        "street": "Travessa Medeiros",
        "zipcode": "12211-490"
    },
    {
        "city": "Sao Jose Dos Campos",
        "state": "SP",
        "district": "Jardim Sao Jose",
        "street": "Rua Tres",
        "zipcode": "12216-322"
    },
    {
        "city": "Sao Jose Dos Campos",
        "state": "SP",
        "district": "Vila Nova Cristina",
        "street": "Rua D",
        "zipcode": "12211-590"
    },
    {
        "city": "Sao Jose Dos Campos",
        "state": "SP",
        "district": "Vila Nova Cristina",
        "street": "Rua Durvalina Isaura C. Dos Santos",
        "zipcode": "12211-600"
    },
    {
        "city": "Sao Jose Dos Campos",
        "state": "SP",
        "district": "Vila Sao Geraldo",
        "street": "Travessa Caete",
        "zipcode": "12213-460"
    },
    {
        "city": "Sao Jose Dos Campos",
        "state": "SP",
        "district": "Jardim Santa Matilde",
        "street": "Rua Projetada",
        "zipcode": "12213-611"
    },
    {
        "city": "Sao Jose Dos Campos",
        "state": "SP",
        "district": "Vila Cristina",
        "street": "Rua Manoel De Oliveira E Silva",
        "zipcode": "12211-480"
    },
    {
        "city": "Sao Jose Dos Campos",
        "state": "SP",
        "district": "Vila Nova Cristina",
        "street": "Rua Dois",
        "zipcode": "12211-601"
    },
    {
        "city": "Sao Jose Dos Campos",
        "state": "SP",
        "district": "Jardim Ismenia",
        "street": "Rua Ituiutaba",
        "zipcode": "12220-310"
    },
    {
        "city": "Sao Jose Dos Campos",
        "state": "SP",
        "district": "Chacaras Reunidas",
        "street": "Avenida Marginal B",
        "zipcode": "12238-390"
    },
    {
        "city": "Sao Jose Dos Campos",
        "state": "SP",
        "district": "Jardim Estoril",
        "street": "Rua Jose Marini",
        "zipcode": "12232-430"
    },
    {
        "city": "Sao Jose Dos Campos",
        "state": "SP",
        "district": "Jardim Colonial",
        "street": "Rua Monte Verde",
        "zipcode": "12234-340"
    },
    {
        "city": "Sao Jose Dos Campos",
        "state": "SP",
        "district": "Conj Residencial Dom Pedro I",
        "street": "Rua Pico Do Kilimanjara",
        "zipcode": "12232-710"
    },
    {
        "city": "Sao Jose Dos Campos",
        "state": "SP",
        "district": "Urbanova Ii",
        "street": "Rua Ub 3",
        "zipcode": "12244-464"
    },
    {
        "city": "Sao Jose Dos Campos",
        "state": "SP",
        "district": "Jardim Satelite",
        "street": "Rua Manoel Freire De Castro",
        "zipcode": "12231-691"
    },
    {
        "city": "Sao Jose Dos Campos",
        "state": "SP",
        "district": "Parque Do Martim Cerere",
        "street": "Rua Prof. Waldemar Ramos",
        "zipcode": "12227-790"
    },
    {
        "city": "Sao Jose Dos Campos",
        "state": "SP",
        "district": "Residencial Sao Francisco",
        "street": "Rua Quatorze",
        "zipcode": "12229-820"
    },
    {
        "city": "Sao Jose Dos Campos",
        "state": "SP",
        "district": "Parque Residencial Flamboyant",
        "street": "Rua Vinte E Um",
        "zipcode": "12227-018"
    },
    {
        "city": "Sao Jose Dos Campos",
        "state": "SP",
        "district": "Parque Residencial Flamboyant",
        "street": "Rua Oito",
        "zipcode": "12227-011"
    },
    {
        "city": "Sao Jose Dos Campos",
        "state": "SP",
        "district": "Jardim Colorado",
        "street": "Rua Cinco",
        "zipcode": "12227-731"
    },
    {
        "city": "Sao Jose Dos Campos",
        "state": "SP",
        "district": "Parque Residencial Flamboyant",
        "street": "Avenida Dois",
        "zipcode": "12227-003"
    },
    {
        "city": "Sao Jose Dos Campos",
        "state": "SP",
        "district": "Cidade Jardim",
        "street": "Rua Sidnei Miranda Cerqueira",
        "zipcode": "12230-847"
    },
    {
        "city": "Sao Jose Dos Campos",
        "state": "SP",
        "district": "Residencial Sao Francisco",
        "street": "Rua Sete",
        "zipcode": "12229-750"
    },
    {
        "city": "Sao Jose Dos Campos",
        "state": "SP",
        "district": "Parque Residencial Flamboyant",
        "street": "Rua Sete",
        "zipcode": "12227-009"
    },
    {
        "city": "Sao Jose Dos Campos",
        "state": "SP",
        "district": "Parque Residencial Flamboyant",
        "street": "Rua Dezenove",
        "zipcode": "12227-016"
    },
    {
        "city": "Sao Jose Dos Campos",
        "state": "SP",
        "district": "Parque Residencial Flamboyant",
        "street": "Rua Dezoito",
        "zipcode": "12227-015"
    },
    {
        "city": "Sao Jose Dos Campos",
        "state": "SP",
        "district": "Jardim Anhembi",
        "street": "Praça Acarai",
        "zipcode": "12235-300"
    },
    {
        "city": "Sao Jose Dos Campos",
        "state": "SP",
        "district": "Parque Residencial Flamboyant",
        "street": "Avenida Domingos Maldonado Campoy",
        "zipcode": "12227-025"
    },
    {
        "city": "Sao Jose Dos Campos",
        "state": "SP",
        "district": "Residencial Sao Francisco",
        "street": "Avenida Dois",
        "zipcode": "12229-700"
    },
    {
        "city": "Sao Jose Dos Campos",
        "state": "SP",
        "district": "Conj Habit Nosso Teto",
        "street": "Rua Cinco",
        "zipcode": "12228-251"
    },
    {
        "city": "Sao Jose Dos Campos",
        "state": "SP",
        "district": "Residencial Sao Francisco",
        "street": "Rua Doze",
        "zipcode": "12229-800"
    },
    {
        "city": "Sao Jose Dos Campos",
        "state": "SP",
        "district": "Residencial Sao Francisco",
        "street": "Estrada Brejauveiras",
        "zipcode": "12229-680"
    },
    {
        "city": "Sao Jose Dos Campos",
        "state": "SP",
        "district": "Parque Residencial Flamboyant",
        "street": "Rua Vinte E Sete",
        "zipcode": "12227-023"
    },
    {
        "city": "Sao Jose Dos Campos",
        "state": "SP",
        "district": "Parque Residencial Flamboyant",
        "street": "Rua Cinco",
        "zipcode": "12227-006"
    },
    {
        "city": "Sao Jose Dos Campos",
        "state": "SP",
        "district": "Residencial Sao Francisco",
        "street": "Rua Oito",
        "zipcode": "12229-760"
    },
    {
        "city": "Sao Jose Dos Campos",
        "state": "SP",
        "district": "Parque Residencial Flamboyant",
        "street": "Rua Quatro",
        "zipcode": "12227-005"
    },
    {
        "city": "Sao Jose Dos Campos",
        "state": "SP",
        "district": "Parque Residencial Flamboyant",
        "street": "Rua Vinte E Oito",
        "zipcode": "12227-024"
    },
    {
        "city": "Sao Jose Dos Campos",
        "state": "SP",
        "district": "Jardim Imperial",
        "street": "Estrada Do Imperador",
        "zipcode": "12234-800"
    },
    {
        "city": "Sao Jose Dos Campos",
        "state": "SP",
        "district": "Jardim Souto",
        "street": "Rua Aviao Falcao",
        "zipcode": "12227-171"
    },
    {
        "city": "Sao Jose Dos Campos",
        "state": "SP",
        "district": "Parque Industrial",
        "street": "Rua Olinda",
        "zipcode": "12235-030"
    },
    {
        "city": "Sao Jose Dos Campos",
        "state": "SP",
        "district": "Jardim Estoril",
        "street": "Rua Dr Decio Lemes Campos",
        "zipcode": "12232-420"
    },
    {
        "city": "Sao Jose Dos Campos",
        "state": "SP",
        "district": "Residencial Sao Francisco",
        "street": "Avenida Tres",
        "zipcode": "12229-720"
    },
    {
        "city": "Sao Jose Dos Campos",
        "state": "SP",
        "district": "Residencial Sao Francisco",
        "street": "Rua Dez",
        "zipcode": "12229-780"
    },
    {
        "city": "Sao Jose Dos Campos",
        "state": "SP",
        "district": "Jardim Mesquita",
        "street": "Rua Quatro",
        "zipcode": "12229-384"
    },
    {
        "city": "Sao Jose Dos Campos",
        "state": "SP",
        "district": "Residencial Sao Francisco",
        "street": "Rua Seis",
        "zipcode": "12229-740"
    },
    {
        "city": "Sao Jose Dos Campos",
        "state": "SP",
        "district": "Cidade Jardim",
        "street": "Avenida Cidade Jardim",
        "zipcode": "12231-000"
    },
    {
        "city": "Sao Jose Dos Campos",
        "state": "SP",
        "district": "Residencial Sao Francisco",
        "street": "Rua Cinco",
        "zipcode": "12229-730"
    },
    {
        "city": "Sao Jose Dos Campos",
        "state": "SP",
        "district": "Chacaras Sao Jose",
        "street": "Rua Dois",
        "zipcode": "12229-410"
    },
    {
        "city": "Sao Jose Dos Campos",
        "state": "SP",
        "district": "Parque Residencial Flamboyant",
        "street": "Rua Dez",
        "zipcode": "12227-013"
    },
    {
        "city": "Sao Jose Dos Campos",
        "state": "SP",
        "district": "Urbanova Ii",
        "street": "Rua Ub 2",
        "zipcode": "12244-462"
    },
    {
        "city": "Sao Jose Dos Campos",
        "state": "SP",
        "district": "Parque Residencial Flamboyant",
        "street": "Rua Tres",
        "zipcode": "12227-004"
    },
    {
        "city": "Sao Jose Dos Campos",
        "state": "SP",
        "district": "Parque Residencial Flamboyant",
        "street": "Rua Vinte E Seis",
        "zipcode": "12227-022"
    },
    {
        "city": "Sao Jose Dos Campos",
        "state": "SP",
        "district": "Parque Residencial Flamboyant",
        "street": "Rua Vinte",
        "zipcode": "12227-017"
    },
    {
        "city": "Sao Jose Dos Campos",
        "state": "SP",
        "district": "Jardim Mesquita",
        "street": "Rua Cinco",
        "zipcode": "12229-385"
    },
    {
        "city": "Sao Jose Dos Campos",
        "state": "SP",
        "district": "Residencial Sao Francisco",
        "street": "Travessa Quatro",
        "zipcode": "12229-690"
    },
    {
        "city": "Sao Jose Dos Campos",
        "state": "SP",
        "district": "Parque Residencial Flamboyant",
        "street": "Rua Seis",
        "zipcode": "12227-008"
    },
    {
        "city": "Sao Jose Dos Campos",
        "state": "SP",
        "district": "Cidade Morumbi",
        "street": "Rua Das Olivas",
        "zipcode": "12236-421"
    },
    {
        "city": "Sao Jose Dos Campos",
        "state": "SP",
        "district": "Chacaras Sao Jose",
        "street": "Rua Tres",
        "zipcode": "12229-420"
    },
    {
        "city": "Sao Jose Dos Campos",
        "state": "SP",
        "district": "Parque Do Martim Cerere",
        "street": "Rua Prof. Luis Gonzaga Rios",
        "zipcode": "12227-780"
    },
    {
        "city": "Sao Jose Dos Campos",
        "state": "SP",
        "district": "Residencial Sao Francisco",
        "street": "Rua Onze",
        "zipcode": "12229-790"
    },
    {
        "city": "Sao Jose Dos Campos",
        "state": "SP",
        "district": "Conj Residencial Elmano Veloso",
        "street": "Rua Joao Ramos De Oliveira",
        "zipcode": "12234-410"
    },
    {
        "city": "Sao Jose Dos Campos",
        "state": "SP",
        "district": "Parque Industrial",
        "street": "Travessa Potengy",
        "zipcode": "12237-282"
    },
    {
        "city": "Sao Jose Dos Campos",
        "state": "SP",
        "district": "Parque Industrial",
        "street": "Travessa Assu",
        "zipcode": "12237-284"
    },
    {
        "city": "Sao Jose Dos Campos",
        "state": "SP",
        "district": "Parque Industrial",
        "street": "Rodovia Presidente Dutra",
        "zipcode": "12237-350"
    },
    {
        "city": "Sao Jose Dos Campos",
        "state": "SP",
        "district": "Jardim Alvorada",
        "street": "Praça Alvorada",
        "zipcode": "12240-770"
    },
    {
        "city": "Sao Jose Dos Campos",
        "state": "SP",
        "district": "Vila Sanches",
        "street": "Rua Turquia",
        "zipcode": "12245-032"
    },
    {
        "city": "Sao Jose Dos Campos",
        "state": "SP",
        "district": "Vila Sanches",
        "street": "Rua Miguel Couto",
        "zipcode": "12245-035"
    },
    {
        "city": "Sao Jose Dos Campos",
        "state": "SP",
        "district": "Centro",
        "street": "Travessa Prof. Alberto Diniz Correa",
        "zipcode": "12245-041"
    },
    {
        "city": "Sao Jose Dos Campos",
        "state": "SP",
        "district": "Vila Betania",
        "street": "Avenida Tivoli",
        "zipcode": "12245-231"
    },
    {
        "city": "Sao Jose Dos Campos",
        "state": "SP",
        "district": "Cidade Morumbi",
        "street": "Rua Angola",
        "zipcode": "12236-781"
    },
    {
        "city": "Sao Jose Dos Campos",
        "state": "SP",
        "district": "Palmeiras De Sao Jose",
        "street": "Rua Mehgy Moanna Metene",
        "zipcode": "12237-371"
    },
    {
        "city": "Sao Jose Dos Campos",
        "state": "SP",
        "district": "Vila Rubi",
        "street": "Rua Anesia Nunes Matarazzo",
        "zipcode": "12245-160"
    },
    {
        "city": "Sao Jose Dos Campos",
        "state": "SP",
        "district": "Cidade Morumbi",
        "street": "Rua Isabel Barbosa",
        "zipcode": "12236-831"
    },
    {
        "city": "Sao Jose Dos Campos",
        "state": "SP",
        "district": "Jardim Vale Do Paraiso",
        "street": "Rua Dr Mario Sampaio Martins",
        "zipcode": "12245-600"
    },
    {
        "city": "Sao Jose Dos Campos",
        "state": "SP",
        "district": "Parque Industrial",
        "street": "Praça Natal",
        "zipcode": "12237-220"
    },
    {
        "city": "Sao Jose Dos Campos",
        "state": "SP",
        "district": "Urbanova Ii",
        "street": "Avenida Possidonio Jose De Freitas",
        "zipcode": "12244-391"
    },
    {
        "city": "Sao Jose Dos Campos",
        "state": "SP",
        "district": "Jardim Azevedo",
        "street": "Rua Brigadeiro Osvaldo Nascimento Leal",
        "zipcode": "12245-480"
    },
    {
        "city": "Sao Jose Dos Campos",
        "state": "SP",
        "district": "Jardim Vale Do Paraiso",
        "street": "Rua Manoel Ricardo Junior",
        "zipcode": "12245-560"
    },
    {
        "city": "Sao Jose Dos Campos",
        "state": "SP",
        "district": "Jardim Azevedo",
        "street": "Rua Nassau",
        "zipcode": "12245-170"
    },
    {
        "city": "Sao Jose Dos Campos",
        "state": "SP",
        "district": "Vila Betania",
        "street": "Avenida Jose Alves De Siqueira Filho",
        "zipcode": "12245-260"
    },
    {
        "city": "Sao Jose Dos Campos",
        "state": "SP",
        "district": "Jardim Vale Do Paraiso",
        "street": "Travessa Manoel Da Nobrega",
        "zipcode": "12245-601"
    },
    {
        "city": "Sao Jose Dos Campos",
        "state": "SP",
        "district": "Conj Residencial Trinta E Um De Marco",
        "street": "Rua Fausto Pinotti",
        "zipcode": "12237-830"
    },
    {
        "city": "Sao Jose Dos Campos",
        "state": "SP",
        "district": "Palmeiras De Sao Jose",
        "street": "Rua Olinto De Aquino",
        "zipcode": "12237-360"
    },
    {
        "city": "Sao Jose Dos Campos",
        "state": "SP",
        "district": "Jardim Das Industrias",
        "street": "Avenida Cassiano Ricardo",
        "zipcode": "12240-541"
    },
    {
        "city": "Sao Jose Dos Campos",
        "state": "SP",
        "district": "Jardim Vale Do Paraiso",
        "street": "Travessa Rocha Pombo",
        "zipcode": "12245-580"
    },
    {
        "city": "Sao Jose Dos Campos",
        "state": "SP",
        "district": "Vila Luzia",
        "street": "Rua Diomedes Santos",
        "zipcode": "12245-091"
    },
    {
        "city": "Sao Jose Dos Campos",
        "state": "SP",
        "district": "Vila Zelfa",
        "street": "Rua Joaquim De Carvalho Filho",
        "zipcode": "12245-240"
    },
    {
        "city": "Sao Jose Dos Campos",
        "state": "SP",
        "district": "Jardim Das Industrias",
        "street": "Rua Armando De Oliveira Cobra",
        "zipcode": "12240-610"
    },
    {
        "city": "Sao Jose Dos Campos",
        "state": "SP",
        "district": "Vila Betania",
        "street": "Praça Vinte E Oito De Outubro",
        "zipcode": "12245-221"
    },
    {
        "city": "Sao Jose Dos Campos",
        "state": "SP",
        "district": "Jardim Aparecida",
        "street": "Rua Jordao Monteiro Ferreira",
        "zipcode": "12245-590"
    },
    {
        "city": "Sao Jose Dos Campos",
        "state": "SP",
        "district": "Urbanova Ii",
        "street": "Rua Ub 11",
        "zipcode": "12244-476"
    },
    {
        "city": "Sao Jose Dos Campos",
        "state": "SP",
        "district": "Vila Betania",
        "street": "Praça Dos Servidores Publicos Municipais",
        "zipcode": "12245-002"
    },
    {
        "city": "Sao Jose Dos Campos",
        "state": "SP",
        "district": "Vila Luzia",
        "street": "Rua Decio Camargo Vieira",
        "zipcode": "12245-092"
    },
    {
        "city": "Sao Jose Dos Campos",
        "state": "SP",
        "district": "Parque Industrial",
        "street": "Rua Aracati",
        "zipcode": "12237-050"
    },
    {
        "city": "Sao Jose Dos Campos",
        "state": "SP",
        "district": "Vila Zelfa",
        "street": "Alameda Jose Paula A Da Silva",
        "zipcode": "12245-270"
    },
    {
        "city": "Sao Jose Dos Campos",
        "state": "SP",
        "district": "Vila Betania",
        "street": "Rua Armando Couto De Magalhaes Rodrigues",
        "zipcode": "12245-210"
    },
    {
        "city": "Sao Jose Dos Campos",
        "state": "SP",
        "district": "Campo Dos Alemaes",
        "street": "Avenida Dos Evangelicos",
        "zipcode": "12239-000"
    },
    {
        "city": "Sao Jose Dos Campos",
        "state": "SP",
        "district": "Palmeiras De Sao Jose",
        "street": "Rua Saudades Da Querencia",
        "zipcode": "12237-310"
    },
    {
        "city": "Sao Jose Dos Campos",
        "state": "SP",
        "district": "Jardim America",
        "street": "Rua Alcides Barbosa",
        "zipcode": "12235-660"
    },
    {
        "city": "Sao Jose Dos Campos",
        "state": "SP",
        "district": "Palmeiras De Sao Jose",
        "street": "Rua Cidade De Bage",
        "zipcode": "12237-340"
    },
    {
        "city": "Sao Jose Dos Campos",
        "state": "SP",
        "district": "Centro",
        "street": "Praça Manoel De Abreu",
        "zipcode": "12245-552"
    },
    {
        "city": "Sao Jose Dos Campos",
        "state": "SP",
        "district": "Vila Betania",
        "street": "Rua Candido Marciano Leite",
        "zipcode": "12245-220"
    },
    {
        "city": "Sao Jose Dos Campos",
        "state": "SP",
        "district": "Parque Industrial",
        "street": "Rua Goiania",
        "zipcode": "12237-270"
    },
    {
        "city": "Sao Jose Dos Campos",
        "state": "SP",
        "district": "Jardim Renata",
        "street": "Rua Benedito Teixeira",
        "zipcode": "12245-101"
    },
    {
        "city": "Sao Jose Dos Campos",
        "state": "SP",
        "district": "Vila Zelfa",
        "street": "Rua Major Jose Mariotto Ferreira",
        "zipcode": "12245-250"
    },
    {
        "city": "Sao Jose Dos Campos",
        "state": "SP",
        "district": "Palmeiras De Sao Jose",
        "street": "Rua Cidade Lageado",
        "zipcode": "12237-380"
    },
    {
        "city": "Sao Jose Dos Campos",
        "state": "SP",
        "district": "Parque Industrial",
        "street": "Avenida Dr Sebastiao Henrique Da Cunha Pontes",
        "zipcode": "12237-283"
    },
    {
        "city": "Sao Jose Dos Campos",
        "state": "SP",
        "district": "Palmeiras De Sao Jose",
        "street": "Rua Osiris Costa Monteiro De Barros",
        "zipcode": "12237-320"
    },
    {
        "city": "Sao Jose Dos Campos",
        "state": "SP",
        "district": "Jardim Sao Dimas",
        "street": "Travessa Gisberto Ballarini",
        "zipcode": "12245-540"
    },
    {
        "city": "Sao Jose Dos Campos",
        "state": "SP",
        "district": "Vila Sanches",
        "street": "Rua Jose Monteiro Teixeira",
        "zipcode": "12245-034"
    },
    {
        "city": "Sao Jose Dos Campos",
        "state": "SP",
        "district": "Palmeiras De Sao Jose",
        "street": "Rua Gilberto Menotti Eugenio Cara",
        "zipcode": "12237-300"
    },
    {
        "city": "Sao Jose Dos Campos",
        "state": "SP",
        "district": "Palmeiras De Sao Jose",
        "street": "Rua Helena Tirello Alvarenga Souza",
        "zipcode": "12237-321"
    },
    {
        "city": "Sao Jose Dos Campos",
        "state": "SP",
        "district": "Palmeiras De Sao Jose",
        "street": "Praça Farroupilha",
        "zipcode": "12237-361"
    },
    {
        "city": "Sao Jose Dos Campos",
        "state": "SP",
        "district": "Vila Sanches",
        "street": "Travessa Sao Dimas",
        "zipcode": "12245-350"
    },
    {
        "city": "Sao Jose Dos Campos",
        "state": "SP",
        "district": "Jardim Santa Ines Ii",
        "street": "Rua Benedito Albano Pereira",
        "zipcode": "12248-040"
    },
    {
        "city": "Sao Jose Dos Campos",
        "state": "SP",
        "district": "Jardim Paraisopolis",
        "street": "Rua Dezessete",
        "zipcode": "12248-028"
    },
    {
        "city": "Sao Jose Dos Campos",
        "state": "SP",
        "district": "Jardim Paraisopolis",
        "street": "Rua Treze",
        "zipcode": "12248-024"
    },
    {
        "city": "Sao Jose Dos Campos",
        "state": "SP",
        "district": "Jardim Paraisopolis",
        "street": "Rua Quarente E Um",
        "zipcode": "12248-054"
    },
    {
        "city": "Sao Jose Dos Campos",
        "state": "SP",
        "district": "Jardim Paraisopolis",
        "street": "Rua Trinta",
        "zipcode": "12248-043"
    },
    {
        "city": "Sao Jose Dos Campos",
        "state": "SP",
        "district": "Jardim Paraisopolis",
        "street": "Rua Trinta E Cinco",
        "zipcode": "12248-048"
    },
    {
        "city": "Sao Jose Dos Campos",
        "state": "SP",
        "district": "Jardim Paraisopolis",
        "street": "Rua Sete",
        "zipcode": "12248-017"
    },
    {
        "city": "Sao Jose Dos Campos",
        "state": "SP",
        "district": "Altos Do Esplanada",
        "street": "Avenida Um",
        "zipcode": "12244-600"
    },
    {
        "city": "Sao Jose Dos Campos",
        "state": "SP",
        "district": "Residencial Jardim Sao Jose",
        "street": "Rua Dois",
        "zipcode": "12248-066"
    },
    {
        "city": "Sao Jose Dos Campos",
        "state": "SP",
        "district": "Jardim Paraisopolis",
        "street": "Rua Onze",
        "zipcode": "12248-022"
    },
    {
        "city": "Sao Jose Dos Campos",
        "state": "SP",
        "district": "Jardim Paraisopolis",
        "street": "Rua Vinte E Sete",
        "zipcode": "12248-039"
    },
    {
        "city": "Sao Jose Dos Campos",
        "state": "SP",
        "district": "Jardim Paraisopolis",
        "street": "Rua Oito",
        "zipcode": "12248-018"
    },
    {
        "city": "Sao Jose Dos Campos",
        "state": "SP",
        "district": "Residencial Jardim Sao Jose",
        "street": "Rua Quinze",
        "zipcode": "12248-081"
    },
    {
        "city": "Sao Jose Dos Campos",
        "state": "SP",
        "district": "Jardim Paraisopolis",
        "street": "Rua Trinta E Oito",
        "zipcode": "12248-052"
    },
    {
        "city": "Sao Jose Dos Campos",
        "state": "SP",
        "district": "Residencial Jardim Sao Jose",
        "street": "Rua Oito",
        "zipcode": "12248-073"
    },
    {
        "city": "Sao Jose Dos Campos",
        "state": "SP",
        "district": "Jardim Paraisopolis",
        "street": "Rua Seis",
        "zipcode": "12248-016"
    },
    {
        "city": "Sao Jose Dos Campos",
        "state": "SP",
        "district": "Jardim Paraisopolis",
        "street": "Rua Trinta E Dois",
        "zipcode": "12248-045"
    },
    {
        "city": "Sao Jose Dos Campos",
        "state": "SP",
        "district": "Jardim Paraisopolis",
        "street": "Rua Dez",
        "zipcode": "12248-021"
    },
    {
        "city": "Sao Jose Dos Campos",
        "state": "SP",
        "district": "Jardim Paraisopolis",
        "street": "Rua Vinte E Dois",
        "zipcode": "12248-034"
    },
    {
        "city": "Sao Jose Dos Campos",
        "state": "SP",
        "district": "Residencial Jardim Sao Jose",
        "street": "Rua Seis",
        "zipcode": "12248-071"
    },
    {
        "city": "Sao Jose Dos Campos",
        "state": "SP",
        "district": "Jardim Paraisopolis",
        "street": "Rua Vinte E Quatro",
        "zipcode": "12248-036"
    },
    {
        "city": "Sao Jose Dos Campos",
        "state": "SP",
        "district": "Jardim Santa Ines Ii",
        "street": "Rua Dr Euclides Froes",
        "zipcode": "12248-080"
    },
    {
        "city": "Sao Jose Dos Campos",
        "state": "SP",
        "district": "Coqueiro",
        "street": "Rua Dois",
        "zipcode": "12248-057"
    },
    {
        "city": "Sao Jose Dos Campos",
        "state": "SP",
        "district": "Jardim Paraisopolis",
        "street": "Rua Doze",
        "zipcode": "12248-023"
    },
    {
        "city": "Sao Jose Dos Campos",
        "state": "SP",
        "district": "Jardim Paraisopolis",
        "street": "Rua Trinta E Quatro",
        "zipcode": "12248-047"
    },
    {
        "city": "Sao Jose Dos Campos",
        "state": "SP",
        "district": "Jardim Paraisopolis",
        "street": "Rua Dezesseis",
        "zipcode": "12248-027"
    },
    {
        "city": "Sao Jose Dos Campos",
        "state": "SP",
        "district": "Coqueiro",
        "street": "Rua Seis",
        "zipcode": "12248-062"
    },
    {
        "city": "Sao Jose Dos Campos",
        "state": "SP",
        "district": "Residencial Jardim Sao Jose",
        "street": "Rua Cinco",
        "zipcode": "12248-069"
    },
    {
        "city": "Sao Jose Dos Campos",
        "state": "SP",
        "district": "Jardim Paraisopolis",
        "street": "Rua Vinte E Tres",
        "zipcode": "12248-035"
    },
    {
        "city": "Sao Jose Dos Campos",
        "state": "SP",
        "district": "Jardim Paraisopolis",
        "street": "Rua Quatorze",
        "zipcode": "12248-025"
    },
    {
        "city": "Sao Jose Dos Campos",
        "state": "SP",
        "district": "Jardim Paraisopolis",
        "street": "Rua Trinta E Sete",
        "zipcode": "12248-051"
    },
    {
        "city": "Sao Jose Dos Campos",
        "state": "SP",
        "district": "Jardim Santa Ines Ii",
        "street": "Avenida Constancia Da Cunha Paiva",
        "zipcode": "12248-010"
    },
    {
        "city": "Sao Jose Dos Campos",
        "state": "SP",
        "district": "Residencial Jardim Sao Jose",
        "street": "Rua Onze",
        "zipcode": "12248-076"
    },
    {
        "city": "Sao Jose Dos Campos",
        "state": "SP",
        "district": "Urbanova Ii",
        "street": "Rua Ub 12",
        "zipcode": "12244-477"
    },
    {
        "city": "Sao Jose Dos Campos",
        "state": "SP",
        "district": "Jardim Azevedo",
        "street": "Rua Prof. Everaldo Passos",
        "zipcode": "12245-180"
    },
    {
        "city": "Sao Jose Dos Campos",
        "state": "SP",
        "district": "Residencial Jardim Sao Jose",
        "street": "Rua Quatorze",
        "zipcode": "12248-079"
    },
    {
        "city": "Sao Jose Dos Campos",
        "state": "SP",
        "district": "Residencial Jardim Sao Jose",
        "street": "Rua Hum",
        "zipcode": "12248-065"
    },
    {
        "city": "Sao Jose Dos Campos",
        "state": "SP",
        "district": "Jardim Vale Do Paraiso",
        "street": "Rua Leonildo Ramos Cruz",
        "zipcode": "12245-610"
    },
    {
        "city": "Sao Jose Dos Campos",
        "state": "SP",
        "district": "Jardim Paraisopolis",
        "street": "Rua Vinte E Oito",
        "zipcode": "12248-041"
    },
    {
        "city": "Sao Jose Dos Campos",
        "state": "SP",
        "district": "Jardim Paraisopolis",
        "street": "Rua Tres",
        "zipcode": "12248-013"
    },
    {
        "city": "Sao Jose Dos Campos",
        "state": "SP",
        "district": "Jardim Santa Ines Ii",
        "street": "Rua Mario Guimaraes Ferri",
        "zipcode": "12248-050"
    },
    {
        "city": "Sao Jose Dos Campos",
        "state": "SP",
        "district": "Jardim Paraisopolis",
        "street": "Rua Vinte E Cinco",
        "zipcode": "12248-037"
    },
    {
        "city": "Sao Jose Dos Campos",
        "state": "SP",
        "district": "Vila Sanches",
        "street": "Rua Lupercio Antonio Dos Santos",
        "zipcode": "12245-037"
    },
    {
        "city": "Sao Jose Dos Campos",
        "state": "SP",
        "district": "Residencial Jardim Sao Jose",
        "street": "Rua Dezoito",
        "zipcode": "12248-084"
    },
    {
        "city": "Sao Jose Dos Campos",
        "state": "SP",
        "district": "Coqueiro",
        "street": "Rua Hum",
        "zipcode": "12248-056"
    },
    {
        "city": "Sao Jose Dos Campos",
        "state": "SP",
        "district": "Jardim Paraisopolis",
        "street": "Rua Dois",
        "zipcode": "12248-012"
    },
    {
        "city": "Sao Jose Dos Campos",
        "state": "SP",
        "district": "Jardim Paraisopolis",
        "street": "Rua Quatro",
        "zipcode": "12248-014"
    },
    {
        "city": "Sao Jose Dos Campos",
        "state": "SP",
        "district": "Jardim Paraisopolis",
        "street": "Rua Vinte E Nove",
        "zipcode": "12248-042"
    },
    {
        "city": "Sao Jose Dos Campos",
        "state": "SP",
        "district": "Jardim Paraisopolis",
        "street": "Rua Trinta E Nove",
        "zipcode": "12248-053"
    },
    {
        "city": "Sao Jose Dos Campos",
        "state": "SP",
        "district": "Residencial Jardim Sao Jose",
        "street": "Rua Dez",
        "zipcode": "12248-075"
    },
    {
        "city": "Sao Jose Dos Campos",
        "state": "SP",
        "district": "Residencial Jardim Sao Jose",
        "street": "Rua Quatro",
        "zipcode": "12248-068"
    },
    {
        "city": "Sao Jose Dos Campos",
        "state": "SP",
        "district": "Residencial Jardim Sao Jose",
        "street": "Rua Nove",
        "zipcode": "12248-074"
    },
    {
        "city": "Sao Jose Dos Campos",
        "state": "SP",
        "district": "Residencial Jardim Sao Jose",
        "street": "Rua Doze",
        "zipcode": "12248-077"
    },
    {
        "city": "Sao Jose Dos Campos",
        "state": "SP",
        "district": "Residencial Jardim Sao Jose",
        "street": "Rua Dezenove",
        "zipcode": "12248-085"
    },
    {
        "city": "Sao Jose Dos Campos",
        "state": "SP",
        "district": "Residencial Jardim Sao Jose",
        "street": "Rua Vinte E Um",
        "zipcode": "12248-087"
    },
    {
        "city": "Sao Jose Dos Campos",
        "state": "SP",
        "district": "Residencial Jardim Sao Jose",
        "street": "Rua Vinte",
        "zipcode": "12248-086"
    },
    {
        "city": "Sao Jose Dos Campos",
        "state": "SP",
        "district": "Jardim Estoril",
        "street": "Rua Andre Plusplatais",
        "zipcode": "12232-410"
    },
    {
        "city": "Sao Jose Dos Campos",
        "state": "SP",
        "district": "Urbanova",
        "street": "Rua Benedito Lopes Vieira Henrique",
        "zipcode": "12244-500"
    },
    {
        "city": "Sao Jose Dos Campos",
        "state": "SP",
        "district": "Vila Terezinha",
        "street": "Rua Maceio",
        "zipcode": "12209-330"
    },
    {
        "city": "Sao Jose Dos Campos",
        "state": "SP",
        "district": "Vila Terezinha",
        "street": "Rua Aracaju",
        "zipcode": "12209-360"
    },
    {
        "city": "Sao Jose Dos Campos",
        "state": "SP",
        "district": "Jardim Bela Vista",
        "street": "Avenida Marechal Castelo Branco",
        "zipcode": "12209-470"
    },
    {
        "city": "Sao Jose Dos Campos",
        "state": "SP",
        "district": "Vila Veneziani",
        "street": "Rua Audemo Veneziani",
        "zipcode": "12213-000"
    },
    {
        "city": "Sao Jose Dos Campos",
        "state": "SP",
        "district": "Jardim Ismenia",
        "street": "Rua Sabara",
        "zipcode": "12220-500"
    },
    {
        "city": "Sao Jose Dos Campos",
        "state": "SP",
        "district": "Campos De Sao Jose",
        "street": "Estrada Do Cajuru",
        "zipcode": "12226-002"
    },
    {
        "city": "Sao Jose Dos Campos",
        "state": "SP",
        "district": "Centro",
        "street": "Rua Cesar Leite",
        "zipcode": "12245-033"
    },
    {
        "city": "Sao Jose Dos Campos",
        "state": "SP",
        "district": "Vila Sanches",
        "street": "Praça Tenente Deodato",
        "zipcode": "12245-036"
    },
    {
        "city": "Sao Jose Dos Campos",
        "state": "SP",
        "district": "Vila Rossi",
        "street": "Rua Benedito Venancio Lima",
        "zipcode": "12211-081"
    },
    {
        "city": "Sao Jose Dos Campos",
        "state": "SP",
        "district": "Jardim Mariteia",
        "street": "Rua Maria Candida Delgado",
        "zipcode": "12212-480"
    },
    {
        "city": "Sao Jose Dos Campos",
        "state": "SP",
        "district": "Chacaras Sao Jose",
        "street": "Rua Um",
        "zipcode": "12229-400"
    },
    {
        "city": "Sao Jose Dos Campos",
        "state": "SP",
        "district": "Jardim Sao Jose",
        "street": "Rua Jad Alah Chedio Salomao",
        "zipcode": "12216-360"
    },
    {
        "city": "Sao Jose Dos Campos",
        "state": "SP",
        "district": "Vila Industrial",
        "street": "Rua Alberto Miguel Roman",
        "zipcode": "12220-591"
    },
    {
        "city": "Sao Jose Dos Campos",
        "state": "SP",
        "district": "Jardim Satelite",
        "street": "Rua Ibaituva",
        "zipcode": "12230-622"
    },
    {
        "city": "Sao Jose Dos Campos",
        "state": "SP",
        "district": "Parque Residencial Flamboyant",
        "street": "Viela Cinco",
        "zipcode": "12227-007"
    },
    {
        "city": "Sao Jose Dos Campos",
        "state": "SP",
        "district": "Altos Do Esplanada",
        "street": "Rua Dois",
        "zipcode": "12244-610"
    },
    {
        "city": "Sao Jose Dos Campos",
        "state": "SP",
        "district": "Vila Cristina",
        "street": "Rua Antonio De Oliveira E Silva",
        "zipcode": "12211-510"
    },
    {
        "city": "Sao Jose Dos Campos",
        "state": "SP",
        "district": "Parque Residencial Flamboyant",
        "street": "Rua Vinte E Quatro",
        "zipcode": "12227-019"
    },
    {
        "city": "Sao Jose Dos Campos",
        "state": "SP",
        "district": "Vila Sao Geraldo",
        "street": "Praça Nelson Correa De Sa",
        "zipcode": "12213-461"
    },
    {
        "city": "Sao Jose Dos Campos",
        "state": "SP",
        "district": "Jardim Renata",
        "street": "Rua Elias Paiotti",
        "zipcode": "12245-111"
    },
    {
        "city": "Sao Jose Dos Campos",
        "state": "SP",
        "district": "Campo Dos Alemaes",
        "street": "Avenida B",
        "zipcode": "12239-840"
    },
    {
        "city": "Sao Jose Dos Campos",
        "state": "SP",
        "district": "Jardim Universo",
        "street": "Rua Bento Pinto Da Cunha",
        "zipcode": "12221-210"
    },
    {
        "city": "Sao Jose Dos Campos",
        "state": "SP",
        "district": "Vila Nova Cristina",
        "street": "Rua C",
        "zipcode": "12211-570"
    },
    {
        "city": "Sao Jose Dos Campos",
        "state": "SP",
        "district": "Vila Monte Alegre",
        "street": "Rua Enzo Gurati",
        "zipcode": "12212-640"
    },
    {
        "city": "Sao Jose Dos Campos",
        "state": "SP",
        "district": "Chacaras Sao Jose",
        "street": "Avenida Brejauveiras",
        "zipcode": "12227-540"
    },
    {
        "city": "Sao Jose Dos Campos",
        "state": "SP",
        "district": "Vila Rangel",
        "street": "Rua Francisca Maria De Souza",
        "zipcode": "12211-611"
    },
    {
        "city": "Sao Jose Dos Campos",
        "state": "SP",
        "district": "Vila Santos",
        "street": "Avenida Senador Teotonio Vilela",
        "zipcode": "12209-740"
    },
    {
        "city": "Sao Jose Dos Campos",
        "state": "SP",
        "district": "Vila Betania",
        "street": "Alameda Antonio Rodrigues De Paula",
        "zipcode": "12245-201"
    },
    {
        "city": "Sao Jose Dos Campos",
        "state": "SP",
        "district": "Urbanova Ii",
        "street": "Rua Ub 4",
        "zipcode": "12244-463"
    },
    {
        "city": "Sao Jose Dos Campos",
        "state": "SP",
        "district": "Vila Dirce",
        "street": "Estrada Jaguari",
        "zipcode": "12214-500"
    },
    {
        "city": "Sao Jose Dos Campos",
        "state": "SP",
        "district": "Jardim Sao Dimas",
        "street": "Rua Maestro Egydio Pinto",
        "zipcode": "12245-470"
    },
    {
        "city": "Sao Jose Dos Campos",
        "state": "SP",
        "district": "Jardim Santa Ines Ii",
        "street": "Rua Luiz Calvo",
        "zipcode": "12248-030"
    },
    {
        "city": "Sao Jose Dos Campos",
        "state": "SP",
        "district": "Bosque Dos Eucaliptos",
        "street": "Avenida Cidade Jardim",
        "zipcode": "12232-001"
    },
    {
        "city": "Sao Jose Dos Campos",
        "state": "SP",
        "district": "Parque Industrial",
        "street": "Travessa Poty",
        "zipcode": "12237-281"
    },
    {
        "city": "Sao Jose Dos Campos",
        "state": "SP",
        "district": "Parque Industrial",
        "street": "Praça Altamira",
        "zipcode": "12237-285"
    },
    {
        "city": "Sao Jose Dos Campos",
        "state": "SP",
        "district": "Jardim Alvorada",
        "street": "Rua Jundiai",
        "zipcode": "12240-771"
    },
    {
        "city": "Sao Jose Dos Campos",
        "state": "SP",
        "district": "Palmeiras De Sao Jose",
        "street": "Rua Antonio Pedro",
        "zipcode": "12237-370"
    },
    {
        "city": "Sao Jose Dos Campos",
        "state": "SP",
        "district": "Residencial Sao Francisco",
        "street": "Avenida Um",
        "zipcode": "12229-710"
    },
    {
        "city": "Sao Jose Dos Campos",
        "state": "SP",
        "district": "Residencial Sao Francisco",
        "street": "Rua Nove",
        "zipcode": "12229-770"
    },
    {
        "city": "Sao Jose Dos Campos",
        "state": "SP",
        "district": "Residencial Jardim Sao Jose",
        "street": "Rua Tres",
        "zipcode": "12248-067"
    },
    {
        "city": "Sao Jose Dos Campos",
        "state": "SP",
        "district": "Vila Cristina",
        "street": "Rua Augusto De Oliveira E Silva",
        "zipcode": "12211-520"
    },
    {
        "city": "Sao Jose Dos Campos",
        "state": "SP",
        "district": "Jardim Santa Ines Ii",
        "street": "Rua Cirurgioes Dentistas Dos",
        "zipcode": "12248-060"
    },
    {
        "city": "Sao Jose Dos Campos",
        "state": "SP",
        "district": "Residencial Jardim Sao Jose",
        "street": "Rua Sete",
        "zipcode": "12248-072"
    },
    {
        "city": "Sao Jose Dos Campos",
        "state": "SP",
        "district": "Jardim Alves Terra",
        "street": "Rua Cinco",
        "zipcode": "12229-580"
    },
    {
        "city": "Sao Jose Dos Campos",
        "state": "SP",
        "district": "Coqueiro",
        "street": "Avenida Hum",
        "zipcode": "12248-055"
    },
    {
        "city": "Sao Jose Dos Campos",
        "state": "SP",
        "district": "Jardim Paraisopolis",
        "street": "Rua Vinte E Um",
        "zipcode": "12248-033"
    },
    {
        "city": "Sao Jose Dos Campos",
        "state": "SP",
        "district": "Palmeiras De Sao Jose",
        "street": "Rua Cidade De Bento Goncalves",
        "zipcode": "12237-330"
    },
    {
        "city": "Sao Jose Dos Campos",
        "state": "SP",
        "district": "Jardim Paraisopolis",
        "street": "Rua Cinco",
        "zipcode": "12248-015"
    },
    {
        "city": "Sao Jose Dos Campos",
        "state": "SP",
        "district": "Conj Residencial Trinta E Um De Marco",
        "street": "Praça Ismenia Miragaia",
        "zipcode": "12237-840"
    },
    {
        "city": "Sao Jose Dos Campos",
        "state": "SP",
        "district": "Jardim Paraisopolis",
        "street": "Rua Quinze",
        "zipcode": "12248-026"
    },
    {
        "city": "Sao Jose Dos Campos",
        "state": "SP",
        "district": "Jardim Torrao De Ouro",
        "street": "Rua Dois",
        "zipcode": "12229-480"
    },
    {
        "city": "Sao Jose Dos Campos",
        "state": "SP",
        "district": "Vila Betania",
        "street": "Praça Capitao Paulo Jose Menezes",
        "zipcode": "12245-232"
    },
    {
        "city": "Sao Jose Dos Campos",
        "state": "SP",
        "district": "Jardim Vale Do Paraiso",
        "street": "Travessa Joao Friggi",
        "zipcode": "12245-570"
    },
    {
        "city": "Sao Jose Dos Campos",
        "state": "SP",
        "district": "Jardim Vale Do Paraiso",
        "street": "Rua Antonio Da Silva Santos",
        "zipcode": "12245-602"
    },
    {
        "city": "Sao Jose Dos Campos",
        "state": "SP",
        "district": "Jardim Paraisopolis",
        "street": "Rua Vinte E Seis",
        "zipcode": "12248-038"
    },
    {
        "city": "Sao Jose Dos Campos",
        "state": "SP",
        "district": "Jardim Paraisopolis",
        "street": "Rua Dezoito",
        "zipcode": "12248-029"
    },
    {
        "city": "Sao Jose Dos Campos",
        "state": "SP",
        "district": "Jardim Santa Ines Ii",
        "street": "Rua Jose Alves De Paiva",
        "zipcode": "12248-000"
    },
    {
        "city": "Sao Jose Dos Campos",
        "state": "SP",
        "district": "Conj Residencial Elmano Veloso",
        "street": "Rua Fernando Antonio R Paula",
        "zipcode": "12234-450"
    },
    {
        "city": "Sao Jose Dos Campos",
        "state": "SP",
        "district": "Jardim Paraisopolis",
        "street": "Rua Trinta E Seis",
        "zipcode": "12248-049"
    },
    {
        "city": "Sao Jose Dos Campos",
        "state": "SP",
        "district": "Jardim Santa Ines Ii",
        "street": "Avenida Iracy Pires Da Almeida Puccini",
        "zipcode": "12248-020"
    },
    {
        "city": "Sao Jose Dos Campos",
        "state": "SP",
        "district": "Altos Do Esplanada",
        "street": "Rua Agenor Cursino",
        "zipcode": "12244-603"
    },
    {
        "city": "Sao Jose Dos Campos",
        "state": "SP",
        "district": "Cidade Morumbi",
        "street": "Rua Jose Severo Da Silva",
        "zipcode": "12236-832"
    },
    {
        "city": "Sao Jose Dos Campos",
        "state": "SP",
        "district": "Residencial Jardim Sao Jose",
        "street": "Rua Dezessete",
        "zipcode": "12248-083"
    },
    {
        "city": "Sao Jose Dos Campos",
        "state": "SP",
        "district": "Residencial Jardim Sao Jose",
        "street": "Rua Treze",
        "zipcode": "12248-078"
    },
    {
        "city": "Sao Jose Dos Campos",
        "state": "SP",
        "district": "Urbanova Ii",
        "street": "Avenida C 3C",
        "zipcode": "12244-393"
    },
    {
        "city": "Sao Jose Dos Campos",
        "state": "SP",
        "district": "Jardim Azevedo",
        "street": "Praça Antilhas",
        "zipcode": "12245-140"
    },
    {
        "city": "Sao Jose Dos Campos",
        "state": "SP",
        "district": "Vila Luzia",
        "street": "Rua Fagundes Varela",
        "zipcode": "12245-060"
    },
    {
        "city": "Sao Jose Dos Campos",
        "state": "SP",
        "district": "Jardim Paraisopolis",
        "street": "Rua Hum",
        "zipcode": "12248-011"
    },
    {
        "city": "Sao Jose Dos Campos",
        "state": "SP",
        "district": "Chacaras Sao Jose",
        "street": "Rua Orlandino De Freitas",
        "zipcode": "12229-430"
    },
    {
        "city": "Sao Jose Dos Campos",
        "state": "SP",
        "district": "Campos De Sao Jose",
        "street": "Avenida Dantas Luiz Do Prado",
        "zipcode": "12226-001"
    },
    {
        "city": "Sao Jose Dos Campos",
        "state": "SP",
        "district": "Urbanova Ii",
        "street": "Rua Ub 9",
        "zipcode": "12244-474"
    },
    {
        "city": "Sao Jose Dos Campos",
        "state": "SP",
        "district": "Jardim Bela Vista",
        "street": "Avenida Dr Mario Galvao",
        "zipcode": "12209-400"
    },
    {
        "city": "Sao Jose Dos Campos",
        "state": "SP",
        "district": "Coqueiro",
        "street": "Rua Quatro",
        "zipcode": "12248-059"
    },
    {
        "city": "Sao Jose Dos Campos",
        "state": "SP",
        "district": "Campo Dos Alemaes",
        "street": "Rua Palmira Rosa Prado Stefano",
        "zipcode": "12239-730"
    },
    {
        "city": "Sao Jose Dos Campos",
        "state": "SP",
        "district": "Jardim Santa Ines Ii",
        "street": "Rua Capitao Paulo Jose De Menezes Filho",
        "zipcode": "12248-070"
    },
    {
        "city": "Sao Jose Dos Campos",
        "state": "SP",
        "district": "Jardim Mariteia",
        "street": "Ponte Domingos Fortes De Almeida",
        "zipcode": "12213-481"
    },
    {
        "city": "Sao Jose Dos Campos",
        "state": "SP",
        "district": "Jardim Paraisopolis",
        "street": "Rua Nove",
        "zipcode": "12248-019"
    },
    {
        "city": "Sao Jose Dos Campos",
        "state": "SP",
        "district": "Jardim Paraisopolis",
        "street": "Rua Trinta E Um",
        "zipcode": "12248-044"
    },
    {
        "city": "Sao Jose Dos Campos",
        "state": "SP",
        "district": "Jardim Torrao De Ouro",
        "street": "Rua Um",
        "zipcode": "12229-470"
    },
    {
        "city": "Sao Jose Dos Campos",
        "state": "SP",
        "district": "Parque Residencial Flamboyant",
        "street": "Viela Dez",
        "zipcode": "12227-014"
    },
    {
        "city": "Sao Jose Dos Campos",
        "state": "SP",
        "district": "Parque Residencial Flamboyant",
        "street": "Viela Nove",
        "zipcode": "12227-012"
    },
    {
        "city": "Sao Jose Dos Campos",
        "state": "SP",
        "district": "Residencial Jardim Sao Jose",
        "street": "Rua Dezesseis",
        "zipcode": "12248-082"
    },
    {
        "city": "Sao Jose Dos Campos",
        "state": "SP",
        "district": "Jardim Satelite",
        "street": "Rua Pedro Tursi",
        "zipcode": "12230-090"
    },
    {
        "city": "Sao Jose Dos Campos",
        "state": "SP",
        "district": "Parque Industrial",
        "street": "Rua Parintins",
        "zipcode": "12237-040"
    },
    {
        "city": "Sao Jose Dos Campos",
        "state": "SP",
        "district": "Coqueiro",
        "street": "Rua Sete",
        "zipcode": "12248-063"
    },
    {
        "city": "Sao Jose Dos Campos",
        "state": "SP",
        "district": "Palmeiras De Sao Jose",
        "street": "Rua Brasilia Ragazzini Saes",
        "zipcode": "12237-390"
    },
    {
        "city": "Sao Jose Dos Campos",
        "state": "SP",
        "district": "Jardim Azevedo",
        "street": "Rua Kingstown",
        "zipcode": "12245-150"
    },
    {
        "city": "Sao Jose Dos Campos",
        "state": "SP",
        "district": "Urbanova Ii",
        "street": "Rua Ub 7",
        "zipcode": "12244-472"
    }
]