[
    {
        "city": "Sao Jose Do Rio Preto",
        "state": "SP",
        "district": "Solo Sagrado Ii",
        "street": "Rua Antonio Miceli",
        "zipcode": "15047-270"
    },
    {
        "city": "Sao Jose Do Rio Preto",
        "state": "SP",
        "district": "Jardim Vivendas",
        "street": "Rua Geraldo Matos Cunha",
        "zipcode": "15090-480"
    },
    {
        "city": "Sao Jose Do Rio Preto",
        "state": "SP",
        "district": "Nova Redentora",
        "street": "Rua Um",
        "zipcode": "15090-130"
    },
    {
        "city": "Sao Jose Do Rio Preto",
        "state": "SP",
        "district": "Jardim Viena",
        "street": "Rua R",
        "zipcode": "15086-450"
    },
    {
        "city": "Sao Jose Do Rio Preto",
        "state": "SP",
        "district": "Jardim Viena",
        "street": "Rua S",
        "zipcode": "15086-440"
    },
    {
        "city": "Sao Jose Do Rio Preto",
        "state": "SP",
        "district": "Jardim Gisette",
        "street": "Rua Laila Thomaz",
        "zipcode": "15042-042"
    },
    {
        "city": "Sao Jose Do Rio Preto",
        "state": "SP",
        "district": "Residencial Macedo Teles I",
        "street": "Rua Oscar Lima",
        "zipcode": "15040-470"
    },
    {
        "city": "Sao Jose Do Rio Preto",
        "state": "SP",
        "district": "Residencial Macedo Teles I",
        "street": "Rua Joaquim Batista",
        "zipcode": "15040-490"
    },
    {
        "city": "Sao Jose Do Rio Preto",
        "state": "SP",
        "district": "Parque Do Sol",
        "street": "Rua Jose Candido Rosa",
        "zipcode": "15040-560"
    },
    {
        "city": "Sao Jose Do Rio Preto",
        "state": "SP",
        "district": "Vila Sao Jorge",
        "street": "Rua Jose Zanirato",
        "zipcode": "15040-160"
    },
    {
        "city": "Sao Jose Do Rio Preto",
        "state": "SP",
        "district": "Parque Industrial",
        "street": "Rua Particular Um",
        "zipcode": "15025-083"
    },
    {
        "city": "Sao Jose Do Rio Preto",
        "state": "SP",
        "district": "Residencial Macedo Teles I",
        "street": "Rua Jose Rodolfo Da Silva",
        "zipcode": "15040-480"
    },
    {
        "city": "Sao Jose Do Rio Preto",
        "state": "SP",
        "district": "Jardim Residencial Vetorasso",
        "street": "Rua Jose Quintana Gonzales",
        "zipcode": "15040-455"
    },
    {
        "city": "Sao Jose Do Rio Preto",
        "state": "SP",
        "district": "Residencial Macedo Teles I",
        "street": "Rua Fausta Collus De Carvalho",
        "zipcode": "15040-590"
    },
    {
        "city": "Sao Jose Do Rio Preto",
        "state": "SP",
        "district": "Vila Diniz",
        "street": "Rua Capitao Joao Nicolau",
        "zipcode": "15013-320"
    },
    {
        "city": "Sao Jose Do Rio Preto",
        "state": "SP",
        "district": "Jardim Ana Angelica",
        "street": "Rua Prof. Bento Abelaira Gomes",
        "zipcode": "15040-165"
    },
    {
        "city": "Sao Jose Do Rio Preto",
        "state": "SP",
        "district": "Jardim Europa",
        "street": "Praça Prof. Olinda Gabriel Fortes",
        "zipcode": "15014-485"
    },
    {
        "city": "Sao Jose Do Rio Preto",
        "state": "SP",
        "district": "Vila Santa Cruz",
        "street": "Rua Celso Aladino Malagoli",
        "zipcode": "15014-135"
    },
    {
        "city": "Sao Jose Do Rio Preto",
        "state": "SP",
        "district": "Vila Maria",
        "street": "Rua Ivete Gabriel Atique (Bonsucesso)",
        "zipcode": "15025-040"
    },
    {
        "city": "Sao Jose Do Rio Preto",
        "state": "SP",
        "district": "Jardim Residencial Vetorasso",
        "street": "Rua Peppino Agrelli",
        "zipcode": "15040-100"
    },
    {
        "city": "Sao Jose Do Rio Preto",
        "state": "SP",
        "district": "Residencial Macedo Teles I",
        "street": "Rua Jamil Kfouri",
        "zipcode": "15040-340"
    },
    {
        "city": "Sao Jose Do Rio Preto",
        "state": "SP",
        "district": "Jardim Residencial Vetorasso",
        "street": "Avenida Fausto Sucena Rasga",
        "zipcode": "15040-450"
    },
    {
        "city": "Sao Jose Do Rio Preto",
        "state": "SP",
        "district": "Residencial Macedo Teles I",
        "street": "Rua Barnabe Florencio Ribeiro",
        "zipcode": "15040-580"
    },
    {
        "city": "Sao Jose Do Rio Preto",
        "state": "SP",
        "district": "Eldorado",
        "street": "Rua Ecatu",
        "zipcode": "15043-610"
    },
    {
        "city": "Sao Jose Do Rio Preto",
        "state": "SP",
        "district": "Parque Residencial Atlantica",
        "street": "Rua Mansur Buchdid",
        "zipcode": "15041-280"
    },
    {
        "city": "Sao Jose Do Rio Preto",
        "state": "SP",
        "district": "Jardim Residencial Vetorasso",
        "street": "Rua Paulino Goncalves De Souza",
        "zipcode": "15040-430"
    },
    {
        "city": "Sao Jose Do Rio Preto",
        "state": "SP",
        "district": "Jardim Mugnaini",
        "street": "Rua Antonio Felipe Jose",
        "zipcode": "15045-230"
    },
    {
        "city": "Sao Jose Do Rio Preto",
        "state": "SP",
        "district": "Jardim Paraiso",
        "street": "Rua Tres",
        "zipcode": "15045-240"
    },
    {
        "city": "Sao Jose Do Rio Preto",
        "state": "SP",
        "district": "Jardim Gisette",
        "street": "Rua Um",
        "zipcode": "15042-020"
    },
    {
        "city": "Sao Jose Do Rio Preto",
        "state": "SP",
        "district": "Jardim Anielli",
        "street": "Avenida Alberto Olivieri",
        "zipcode": "15041-320"
    },
    {
        "city": "Sao Jose Do Rio Preto",
        "state": "SP",
        "district": "Jardim Gisette",
        "street": "Rua Quatro",
        "zipcode": "15041-553"
    },
    {
        "city": "Sao Jose Do Rio Preto",
        "state": "SP",
        "district": "Parque Residencial Atlantica",
        "street": "Rua Manoel Damas",
        "zipcode": "15041-270"
    },
    {
        "city": "Sao Jose Do Rio Preto",
        "state": "SP",
        "district": "Jardim Mugnaini",
        "street": "Avenida Brasil",
        "zipcode": "15045-025"
    },
    {
        "city": "Sao Jose Do Rio Preto",
        "state": "SP",
        "district": "Cecap",
        "street": "Rua Carlos Alberto Alves De Carvalho Pinto",
        "zipcode": "15041-009"
    },
    {
        "city": "Sao Jose Do Rio Preto",
        "state": "SP",
        "district": "Parque Residencial Lauriano Tebar",
        "street": "Rua Adauto Pinheiro",
        "zipcode": "15040-400"
    },
    {
        "city": "Sao Jose Do Rio Preto",
        "state": "SP",
        "district": "Jardim Itapema",
        "street": "Rua Roberto Teixeira",
        "zipcode": "15045-250"
    },
    {
        "city": "Sao Jose Do Rio Preto",
        "state": "SP",
        "district": "Parque Residencial Damha",
        "street": "Rua Oito",
        "zipcode": "15042-046"
    },
    {
        "city": "Sao Jose Do Rio Preto",
        "state": "SP",
        "district": "Jardim Mugnaini",
        "street": "Rua Quatro",
        "zipcode": "15045-300"
    },
    {
        "city": "Sao Jose Do Rio Preto",
        "state": "SP",
        "district": "Jardim Conceicao",
        "street": "Rua Orlando Van Erven Filho",
        "zipcode": "15030-740"
    },
    {
        "city": "Sao Jose Do Rio Preto",
        "state": "SP",
        "district": "Vila Sao Jorge",
        "street": "Avenida Dr Ernani Pires Domingues",
        "zipcode": "15040-150"
    },
    {
        "city": "Sao Jose Do Rio Preto",
        "state": "SP",
        "district": "Jardim Mugnaini",
        "street": "Rua Ferez Gattaz",
        "zipcode": "15045-200"
    },
    {
        "city": "Sao Jose Do Rio Preto",
        "state": "SP",
        "district": "Jardim Gisette",
        "street": "Rua Leila Tomaz",
        "zipcode": "15041-554"
    },
    {
        "city": "Sao Jose Do Rio Preto",
        "state": "SP",
        "district": "Vila Diva",
        "street": "Travessa Dois",
        "zipcode": "15025-615"
    },
    {
        "city": "Sao Jose Do Rio Preto",
        "state": "SP",
        "district": "Jardim Mugnaini",
        "street": "Avenida Domingos Falavina",
        "zipcode": "15045-020"
    },
    {
        "city": "Sao Jose Do Rio Preto",
        "state": "SP",
        "district": "Residencial Ana Celia",
        "street": "Avenida Antonio Marcos De Oliveira",
        "zipcode": "15045-325"
    },
    {
        "city": "Sao Jose Do Rio Preto",
        "state": "SP",
        "district": "Jardim Gisette",
        "street": "Rua Elias Rubio",
        "zipcode": "15041-556"
    },
    {
        "city": "Sao Jose Do Rio Preto",
        "state": "SP",
        "district": "Loteamento Porto Seguro",
        "street": "Rua Jose Teodoro De Mesquita",
        "zipcode": "15040-429"
    },
    {
        "city": "Sao Jose Do Rio Preto",
        "state": "SP",
        "district": "Jardim Anielli",
        "street": "Rua Jose Paes De Arruda",
        "zipcode": "15041-310"
    },
    {
        "city": "Sao Jose Do Rio Preto",
        "state": "SP",
        "district": "Jardim Los Angeles",
        "street": "Rua Concheta De Barros Serra",
        "zipcode": "15043-290"
    },
    {
        "city": "Sao Jose Do Rio Preto",
        "state": "SP",
        "district": "Jardim Residencial Vetorasso",
        "street": "Rua Antonio Carlos Mariotti",
        "zipcode": "15040-380"
    },
    {
        "city": "Sao Jose Do Rio Preto",
        "state": "SP",
        "district": "Eldorado",
        "street": "Rua Dra Julieta Adao Rosa",
        "zipcode": "15040-110"
    },
    {
        "city": "Sao Jose Do Rio Preto",
        "state": "SP",
        "district": "Jardim Paraiso",
        "street": "Rua Albino Gervazoni",
        "zipcode": "15045-180"
    },
    {
        "city": "Sao Jose Do Rio Preto",
        "state": "SP",
        "district": "Jardim Alice",
        "street": "Rua Maria Jorge",
        "zipcode": "15041-370"
    },
    {
        "city": "Sao Jose Do Rio Preto",
        "state": "SP",
        "district": "Jardim Mugnaini",
        "street": "Rua Paulo Sanches",
        "zipcode": "15045-280"
    },
    {
        "city": "Sao Jose Do Rio Preto",
        "state": "SP",
        "district": "Eldorado",
        "street": "Rua Jose Ribeiro De Andrade",
        "zipcode": "15040-090"
    },
    {
        "city": "Sao Jose Do Rio Preto",
        "state": "SP",
        "district": "Parque Residencial Atlantica",
        "street": "Avenida B",
        "zipcode": "15041-390"
    },
    {
        "city": "Sao Jose Do Rio Preto",
        "state": "SP",
        "district": "Vila Raposa",
        "street": "Rua Projetada Um",
        "zipcode": "15030-505"
    },
    {
        "city": "Sao Jose Do Rio Preto",
        "state": "SP",
        "district": "Jardim Gisette",
        "street": "Rua Quatro",
        "zipcode": "15042-040"
    },
    {
        "city": "Sao Jose Do Rio Preto",
        "state": "SP",
        "district": "Jardim Santa Lucia",
        "street": "Rua Catanduva",
        "zipcode": "15040-130"
    },
    {
        "city": "Sao Jose Do Rio Preto",
        "state": "SP",
        "district": "Jardim Paraiso",
        "street": "Rua Quatro",
        "zipcode": "15045-115"
    },
    {
        "city": "Sao Jose Do Rio Preto",
        "state": "SP",
        "district": "Jardim Mugnaini",
        "street": "Rua Ary Freitas Mugnaini",
        "zipcode": "15045-040"
    },
    {
        "city": "Sao Jose Do Rio Preto",
        "state": "SP",
        "district": "Jardim Residencial Etemp",
        "street": "Rua F",
        "zipcode": "15041-537"
    },
    {
        "city": "Sao Jose Do Rio Preto",
        "state": "SP",
        "district": "Jardim Anielli",
        "street": "Rua Francisco Leal",
        "zipcode": "15041-290"
    },
    {
        "city": "Sao Jose Do Rio Preto",
        "state": "SP",
        "district": "Jardim Itapema",
        "street": "Rua Dario Matheus Felix",
        "zipcode": "15045-270"
    },
    {
        "city": "Sao Jose Do Rio Preto",
        "state": "SP",
        "district": "Jardim Herculano",
        "street": "Rua Um",
        "zipcode": "15035-670"
    },
    {
        "city": "Sao Jose Do Rio Preto",
        "state": "SP",
        "district": "Vila Romana",
        "street": "Rua Bras Repiso Nabas",
        "zipcode": "15043-620"
    },
    {
        "city": "Sao Jose Do Rio Preto",
        "state": "SP",
        "district": "Vila Sao Jose Operario",
        "street": "Rua Ana Lerro Escobar",
        "zipcode": "15035-370"
    },
    {
        "city": "Sao Jose Do Rio Preto",
        "state": "SP",
        "district": "Jardim Mugnaini",
        "street": "Rua Rocerley Vaz Dos Reis",
        "zipcode": "15045-220"
    },
    {
        "city": "Sao Jose Do Rio Preto",
        "state": "SP",
        "district": "Vila Imperial",
        "street": "Praça Celeste Gouveia",
        "zipcode": "15015-703"
    },
    {
        "city": "Sao Jose Do Rio Preto",
        "state": "SP",
        "district": "Jardim Residencial Vetorasso",
        "street": "Rua Joao Della Coleta",
        "zipcode": "15040-350"
    },
    {
        "city": "Sao Jose Do Rio Preto",
        "state": "SP",
        "district": "Solo Sagrado Ii",
        "street": "Rua Leonidas Da Cunha Viana",
        "zipcode": "15047-040"
    },
    {
        "city": "Sao Jose Do Rio Preto",
        "state": "SP",
        "district": "Vila Santo Antonio",
        "street": "Rua Elisa Ferreira De Oliveira",
        "zipcode": "15047-567"
    },
    {
        "city": "Sao Jose Do Rio Preto",
        "state": "SP",
        "district": "Solo Sagrado Ii",
        "street": "Rua Pedro Tarraf",
        "zipcode": "15047-490"
    },
    {
        "city": "Sao Jose Do Rio Preto",
        "state": "SP",
        "district": "Jardim Paraiso",
        "street": "Rua Cinco",
        "zipcode": "15045-430"
    },
    {
        "city": "Sao Jose Do Rio Preto",
        "state": "SP",
        "district": "Vila Santo Antonio",
        "street": "Rua Octacilio Roque De Camargo Freitas",
        "zipcode": "15047-550"
    },
    {
        "city": "Sao Jose Do Rio Preto",
        "state": "SP",
        "district": "Solo Sagrado Ii",
        "street": "Rua Acacio Mattos",
        "zipcode": "15047-120"
    },
    {
        "city": "Sao Jose Do Rio Preto",
        "state": "SP",
        "district": "Vila Santo Antonio",
        "street": "Rua Projetada 7",
        "zipcode": "15047-556"
    },
    {
        "city": "Sao Jose Do Rio Preto",
        "state": "SP",
        "district": "Jardim Das Oliveiras",
        "street": "Rua Belmiro Pacifico",
        "zipcode": "15047-513"
    },
    {
        "city": "Sao Jose Do Rio Preto",
        "state": "SP",
        "district": "Jardim Antunes",
        "street": "Rua Dolores Garcia Victorasso",
        "zipcode": "15047-540"
    },
    {
        "city": "Sao Jose Do Rio Preto",
        "state": "SP",
        "district": "Solo Sagrado Ii",
        "street": "Rua Padre Manoel Bernardes",
        "zipcode": "15047-430"
    },
    {
        "city": "Sao Jose Do Rio Preto",
        "state": "SP",
        "district": "Vila Santo Antonio",
        "street": "Rua Projetada 2",
        "zipcode": "15047-551"
    },
    {
        "city": "Sao Jose Do Rio Preto",
        "state": "SP",
        "district": "Jardim Das Oliveiras",
        "street": "Rua Jose De Oliveira",
        "zipcode": "15047-441"
    },
    {
        "city": "Sao Jose Do Rio Preto",
        "state": "SP",
        "district": "Vila Santo Antonio",
        "street": "Rua Antonio Verissimo Fernandes",
        "zipcode": "15047-578"
    },
    {
        "city": "Sao Jose Do Rio Preto",
        "state": "SP",
        "district": "Solo Sagrado Ii",
        "street": "Rua Joaquim Osorio Duque Estrada",
        "zipcode": "15047-470"
    },
    {
        "city": "Sao Jose Do Rio Preto",
        "state": "SP",
        "district": "Solo Sagrado Ii",
        "street": "Rua Alexandre Madlum",
        "zipcode": "15047-520"
    },
    {
        "city": "Sao Jose Do Rio Preto",
        "state": "SP",
        "district": "Residencial Ana Celia",
        "street": "Avenida Antonio Antunes Junior",
        "zipcode": "15045-465"
    },
    {
        "city": "Sao Jose Do Rio Preto",
        "state": "SP",
        "district": "Residencial Ana Celia",
        "street": "Rua Projetada Tres",
        "zipcode": "15045-564"
    },
    {
        "city": "Sao Jose Do Rio Preto",
        "state": "SP",
        "district": "Vila Santo Antonio",
        "street": "Rua Miguel Naves De Souza",
        "zipcode": "15047-563"
    },
    {
        "city": "Sao Jose Do Rio Preto",
        "state": "SP",
        "district": "Eldorado",
        "street": "Rua Sao Salvador Da Bahia",
        "zipcode": "15045-370"
    },
    {
        "city": "Sao Jose Do Rio Preto",
        "state": "SP",
        "district": "Solo Sagrado Ii",
        "street": "Rua Domingos Moreno",
        "zipcode": "15047-530"
    },
    {
        "city": "Sao Jose Do Rio Preto",
        "state": "SP",
        "district": "Vila Santo Antonio",
        "street": "Rua Americo Agrelli",
        "zipcode": "15047-571"
    },
    {
        "city": "Sao Jose Do Rio Preto",
        "state": "SP",
        "district": "Solo Sagrado Ii",
        "street": "Rua Vitorio Cambiaghi",
        "zipcode": "15047-510"
    },
    {
        "city": "Sao Jose Do Rio Preto",
        "state": "SP",
        "district": "Jardim Itapema",
        "street": "Rua Paschoal Decrescenzo",
        "zipcode": "15045-420"
    },
    {
        "city": "Sao Jose Do Rio Preto",
        "state": "SP",
        "district": "Vila Santo Antonio",
        "street": "Rua Nelson Izidoro Pereira",
        "zipcode": "15047-575"
    },
    {
        "city": "Sao Jose Do Rio Preto",
        "state": "SP",
        "district": "Jardim Maria Lucia",
        "street": "Rua Joao Lopes",
        "zipcode": "15047-442"
    },
    {
        "city": "Sao Jose Do Rio Preto",
        "state": "SP",
        "district": "Jardim Gisette",
        "street": "Rua Sete",
        "zipcode": "15042-044"
    },
    {
        "city": "Sao Jose Do Rio Preto",
        "state": "SP",
        "district": "Vila Santo Antonio",
        "street": "Rua Maria Do Carmo Salenave",
        "zipcode": "15047-560"
    },
    {
        "city": "Sao Jose Do Rio Preto",
        "state": "SP",
        "district": "Parque Residencial Dom Lafaiete Libanio",
        "street": "Avenida Dois",
        "zipcode": "15046-205"
    },
    {
        "city": "Sao Jose Do Rio Preto",
        "state": "SP",
        "district": "Solo Sagrado Ii",
        "street": "Rua Jose Daleck",
        "zipcode": "15047-460"
    },
    {
        "city": "Sao Jose Do Rio Preto",
        "state": "SP",
        "district": "Solo Sagrado Ii",
        "street": "Rua Severino Longo",
        "zipcode": "15047-300"
    },
    {
        "city": "Sao Jose Do Rio Preto",
        "state": "SP",
        "district": "Residencial Ana Celia",
        "street": "Rua Alcides Cardoso Treme",
        "zipcode": "15045-164"
    },
    {
        "city": "Sao Jose Do Rio Preto",
        "state": "SP",
        "district": "Vila Mayor",
        "street": "Rua Dois",
        "zipcode": "15045-570"
    },
    {
        "city": "Sao Jose Do Rio Preto",
        "state": "SP",
        "district": "Vila Santo Antonio",
        "street": "Rua Projetada 9",
        "zipcode": "15047-558"
    },
    {
        "city": "Sao Jose Do Rio Preto",
        "state": "SP",
        "district": "Vila Santo Antonio",
        "street": "Rua Josefina Dias Athanazio",
        "zipcode": "15047-557"
    },
    {
        "city": "Sao Jose Do Rio Preto",
        "state": "SP",
        "district": "Vila Santo Antonio",
        "street": "Rua Josefina Reis Assuncao",
        "zipcode": "15047-566"
    },
    {
        "city": "Sao Jose Do Rio Preto",
        "state": "SP",
        "district": "Jardim Itapema",
        "street": "Rua Deodato De Oliveira",
        "zipcode": "15045-450"
    },
    {
        "city": "Sao Jose Do Rio Preto",
        "state": "SP",
        "district": "Solo Sagrado Ii",
        "street": "Rua Militao Policarpo Ferreira",
        "zipcode": "15047-240"
    },
    {
        "city": "Sao Jose Do Rio Preto",
        "state": "SP",
        "district": "Jardim Das Oliveiras",
        "street": "Rua Abner Faleiros De Souza",
        "zipcode": "15047-420"
    },
    {
        "city": "Sao Jose Do Rio Preto",
        "state": "SP",
        "district": "Jardim Alice",
        "street": "Rua Benedito Tavares De Oliveira",
        "zipcode": "15041-380"
    },
    {
        "city": "Sao Jose Do Rio Preto",
        "state": "SP",
        "district": "Solo Sagrado Ii",
        "street": "Rua Francisco Manoel Da Silva",
        "zipcode": "15047-480"
    },
    {
        "city": "Sao Jose Do Rio Preto",
        "state": "SP",
        "district": "Vila Santo Antonio",
        "street": "Rua Joao Canizza Segundo",
        "zipcode": "15047-574"
    },
    {
        "city": "Sao Jose Do Rio Preto",
        "state": "SP",
        "district": "Jardim Itapema",
        "street": "Rua Arthur Edmur Pimentel",
        "zipcode": "15045-410"
    },
    {
        "city": "Sao Jose Do Rio Preto",
        "state": "SP",
        "district": "Vila Santo Antonio",
        "street": "Rua Olivio Tridico",
        "zipcode": "15047-573"
    },
    {
        "city": "Sao Jose Do Rio Preto",
        "state": "SP",
        "district": "Vila Santo Antonio",
        "street": "Rua Kilian Ricardo Gregorini",
        "zipcode": "15047-564"
    },
    {
        "city": "Sao Jose Do Rio Preto",
        "state": "SP",
        "district": "Solo Sagrado Ii",
        "street": "Rua Joana Darc",
        "zipcode": "15047-440"
    },
    {
        "city": "Sao Jose Do Rio Preto",
        "state": "SP",
        "district": "Vila Santo Antonio",
        "street": "Rua Jose Fernandes",
        "zipcode": "15047-552"
    },
    {
        "city": "Sao Jose Do Rio Preto",
        "state": "SP",
        "district": "Solo Sagrado Ii",
        "street": "Rua Antonio Felipe Camarao",
        "zipcode": "15047-450"
    },
    {
        "city": "Sao Jose Do Rio Preto",
        "state": "SP",
        "district": "Vila Santo Antonio",
        "street": "Rua Dr Renato Lerro",
        "zipcode": "15047-568"
    },
    {
        "city": "Sao Jose Do Rio Preto",
        "state": "SP",
        "district": "Vila Santo Antonio",
        "street": "Rua Itamar Berardo",
        "zipcode": "15047-553"
    },
    {
        "city": "Sao Jose Do Rio Preto",
        "state": "SP",
        "district": "Vila Santo Antonio",
        "street": "Rua Prof. Dair De Faria",
        "zipcode": "15047-562"
    },
    {
        "city": "Sao Jose Do Rio Preto",
        "state": "SP",
        "district": "Jardim Das Oliveiras",
        "street": "Rua Cristovao Xavier De Mendonca",
        "zipcode": "15047-515"
    },
    {
        "city": "Sao Jose Do Rio Preto",
        "state": "SP",
        "district": "Vila Santo Antonio",
        "street": "Rua Joao Jose Alves",
        "zipcode": "15047-561"
    },
    {
        "city": "Sao Jose Do Rio Preto",
        "state": "SP",
        "district": "Jardim Santa Rosa Ii",
        "street": "Rua Francisco Paes",
        "zipcode": "15050-488"
    },
    {
        "city": "Sao Jose Do Rio Preto",
        "state": "SP",
        "district": "Jardim Urupes",
        "street": "Rua Judith Spinola Arroyo",
        "zipcode": "15051-045"
    },
    {
        "city": "Sao Jose Do Rio Preto",
        "state": "SP",
        "district": "Residencial Santa Ana",
        "street": "Rua Jose Verardi",
        "zipcode": "15052-312"
    },
    {
        "city": "Sao Jose Do Rio Preto",
        "state": "SP",
        "district": "Residencial Santa Ana",
        "street": "Rua Francisco Rosaboni",
        "zipcode": "15052-315"
    },
    {
        "city": "Sao Jose Do Rio Preto",
        "state": "SP",
        "district": "Vila Santo Antonio",
        "street": "Rua Karina Issas Moura",
        "zipcode": "15047-590"
    },
    {
        "city": "Sao Jose Do Rio Preto",
        "state": "SP",
        "district": "Jardim Caparroz",
        "street": "Rua Nove",
        "zipcode": "15050-435"
    },
    {
        "city": "Sao Jose Do Rio Preto",
        "state": "SP",
        "district": "Vila Santo Antonio",
        "street": "Rua Jose Alves Da Silva",
        "zipcode": "15047-601"
    },
    {
        "city": "Sao Jose Do Rio Preto",
        "state": "SP",
        "district": "Vila Santo Antonio",
        "street": "Rua Francisco Da Silva Rosa",
        "zipcode": "15047-589"
    },
    {
        "city": "Sao Jose Do Rio Preto",
        "state": "SP",
        "district": "Vila Santo Antonio",
        "street": "Rua Nathalina Cais Da Silva",
        "zipcode": "15047-580"
    },
    {
        "city": "Sao Jose Do Rio Preto",
        "state": "SP",
        "district": "Vila Santo Antonio",
        "street": "Rua Antonio Bottaro",
        "zipcode": "15047-585"
    },
    {
        "city": "Sao Jose Do Rio Preto",
        "state": "SP",
        "district": "Vila Santo Antonio",
        "street": "Rua Carlos Antoniassi",
        "zipcode": "15047-595"
    },
    {
        "city": "Sao Jose Do Rio Preto",
        "state": "SP",
        "district": "Vila Santo Antonio",
        "street": "Rua David Nassif",
        "zipcode": "15047-584"
    },
    {
        "city": "Sao Jose Do Rio Preto",
        "state": "SP",
        "district": "Vila Santo Antonio",
        "street": "Rua Projetada 37",
        "zipcode": "15047-586"
    },
    {
        "city": "Sao Jose Do Rio Preto",
        "state": "SP",
        "district": "Jardim Santa Rosa I",
        "street": "Rua Maria Da Silva Doria",
        "zipcode": "15050-481"
    },
    {
        "city": "Sao Jose Do Rio Preto",
        "state": "SP",
        "district": "Vila Santo Antonio",
        "street": "Rua Leopoldo Micelli",
        "zipcode": "15047-597"
    },
    {
        "city": "Sao Jose Do Rio Preto",
        "state": "SP",
        "district": "Jardim Fuscaldo",
        "street": "Rua Mario Pretti",
        "zipcode": "15061-335"
    },
    {
        "city": "Sao Jose Do Rio Preto",
        "state": "SP",
        "district": "Vila Santo Antonio",
        "street": "Rua Nassif Elias Taivl",
        "zipcode": "15047-594"
    },
    {
        "city": "Sao Jose Do Rio Preto",
        "state": "SP",
        "district": "Vila Sao Judas Tadeu",
        "street": "Praça Irmao Henrique Massignani",
        "zipcode": "15070-405"
    },
    {
        "city": "Sao Jose Do Rio Preto",
        "state": "SP",
        "district": "Vila Santo Antonio",
        "street": "Rua Murilo Elcio Toledo",
        "zipcode": "15047-610"
    },
    {
        "city": "Sao Jose Do Rio Preto",
        "state": "SP",
        "district": "Jardim Santa Rosa Ii",
        "street": "Rua Dois",
        "zipcode": "15050-483"
    },
    {
        "city": "Sao Jose Do Rio Preto",
        "state": "SP",
        "district": "Vila Santo Antonio",
        "street": "Rua Zoanazzi Gubolin",
        "zipcode": "15047-599"
    },
    {
        "city": "Sao Jose Do Rio Preto",
        "state": "SP",
        "district": "Vila Mossoro",
        "street": "Praça Gabriel Salvador Pagliuso",
        "zipcode": "15050-320"
    },
    {
        "city": "Sao Jose Do Rio Preto",
        "state": "SP",
        "district": "Vila Santo Antonio",
        "street": "Rua Orlando Spinelli",
        "zipcode": "15047-608"
    },
    {
        "city": "Sao Jose Do Rio Preto",
        "state": "SP",
        "district": "Vila Santo Antonio",
        "street": "Rua Wilian Ricardo Gregorini",
        "zipcode": "15047-592"
    },
    {
        "city": "Sao Jose Do Rio Preto",
        "state": "SP",
        "district": "Parque Das Flores I",
        "street": "Rua Orlando Canuto",
        "zipcode": "15051-007"
    },
    {
        "city": "Sao Jose Do Rio Preto",
        "state": "SP",
        "district": "Conj Habit Fazenda Velha",
        "street": "Rua Onze",
        "zipcode": "15050-670"
    },
    {
        "city": "Sao Jose Do Rio Preto",
        "state": "SP",
        "district": "Parque Das Flores I",
        "street": "Rua Paulina Bellani Retucci",
        "zipcode": "15051-009"
    },
    {
        "city": "Sao Jose Do Rio Preto",
        "state": "SP",
        "district": "Parque Jaguare",
        "street": "Rua Quatro",
        "zipcode": "15051-530"
    },
    {
        "city": "Sao Jose Do Rio Preto",
        "state": "SP",
        "district": "Jardim Urupes",
        "street": "Rua Treze",
        "zipcode": "15051-370"
    },
    {
        "city": "Sao Jose Do Rio Preto",
        "state": "SP",
        "district": "Jardim Santa Rosa I",
        "street": "Rua Dr Alfredo Saad",
        "zipcode": "15050-487"
    },
    {
        "city": "Sao Jose Do Rio Preto",
        "state": "SP",
        "district": "Vila Santo Antonio",
        "street": "Rua Ida Tagliavini Polachini",
        "zipcode": "15047-593"
    },
    {
        "city": "Sao Jose Do Rio Preto",
        "state": "SP",
        "district": "Jardim Santa Rosa Ii",
        "street": "Rua Um",
        "zipcode": "15050-482"
    },
    {
        "city": "Sao Jose Do Rio Preto",
        "state": "SP",
        "district": "Vila Santo Antonio",
        "street": "Rua Nestor Ponce De Azevedo",
        "zipcode": "15047-600"
    },
    {
        "city": "Sao Jose Do Rio Preto",
        "state": "SP",
        "district": "Vila Santo Antonio",
        "street": "Rua Prof. Oscar Augusto Guelli",
        "zipcode": "15047-596"
    },
    {
        "city": "Sao Jose Do Rio Preto",
        "state": "SP",
        "district": "Jardim Santa Rosa Ii",
        "street": "Rua Quatro",
        "zipcode": "15050-485"
    },
    {
        "city": "Sao Jose Do Rio Preto",
        "state": "SP",
        "district": "Jardim Santa Rosa Ii",
        "street": "Rua Tres",
        "zipcode": "15050-484"
    },
    {
        "city": "Sao Jose Do Rio Preto",
        "state": "SP",
        "district": "Conj Habit Sao Deocleciano",
        "street": "Rua A",
        "zipcode": "15057-250"
    },
    {
        "city": "Sao Jose Do Rio Preto",
        "state": "SP",
        "district": "Parque Residencial Damha",
        "street": "Rua Orlando De Arruda Barbato",
        "zipcode": "15061-718"
    },
    {
        "city": "Sao Jose Do Rio Preto",
        "state": "SP",
        "district": "Jardim Yolanda",
        "street": "Rua Maria Faria De Vasconcelos",
        "zipcode": "15061-520"
    },
    {
        "city": "Sao Jose Do Rio Preto",
        "state": "SP",
        "district": "Jardim Fuscaldo",
        "street": "Avenida Nove",
        "zipcode": "15061-340"
    },
    {
        "city": "Sao Jose Do Rio Preto",
        "state": "SP",
        "district": "Conj Habit Sao Deocleciano",
        "street": "Rua Sara Jabur",
        "zipcode": "15057-245"
    },
    {
        "city": "Sao Jose Do Rio Preto",
        "state": "SP",
        "district": "Vila Santo Antonio",
        "street": "Rua Sebastiao Octavio Facio",
        "zipcode": "15047-582"
    },
    {
        "city": "Sao Jose Do Rio Preto",
        "state": "SP",
        "district": "Vila Santo Antonio",
        "street": "Rua Isaura Pedreira Nazareth",
        "zipcode": "15047-605"
    },
    {
        "city": "Sao Jose Do Rio Preto",
        "state": "SP",
        "district": "Vila Santo Antonio",
        "street": "Rua Miguel Jose Mussi",
        "zipcode": "15047-607"
    },
    {
        "city": "Sao Jose Do Rio Preto",
        "state": "SP",
        "district": "Parque Jaguare",
        "street": "Rua Seis",
        "zipcode": "15051-540"
    },
    {
        "city": "Sao Jose Do Rio Preto",
        "state": "SP",
        "district": "Jardim Municipal",
        "street": "Rua Quatro",
        "zipcode": "15054-445"
    },
    {
        "city": "Sao Jose Do Rio Preto",
        "state": "SP",
        "district": "Vila Santo Antonio",
        "street": "Rua Rosaria Cerqueira",
        "zipcode": "15047-602"
    },
    {
        "city": "Sao Jose Do Rio Preto",
        "state": "SP",
        "district": "Jardim Mona",
        "street": "Praça Jornalista Antenor Pousa Godinho",
        "zipcode": "15050-005"
    },
    {
        "city": "Sao Jose Do Rio Preto",
        "state": "SP",
        "district": "Vila Santo Antonio",
        "street": "Rua Verginio Giannini",
        "zipcode": "15047-579"
    },
    {
        "city": "Sao Jose Do Rio Preto",
        "state": "SP",
        "district": "Vila Santo Antonio",
        "street": "Rua Orlando Canuto Da Silva",
        "zipcode": "15047-581"
    },
    {
        "city": "Sao Jose Do Rio Preto",
        "state": "SP",
        "district": "Jardim Santa Rosa Ii",
        "street": "Rua Joao Conforti",
        "zipcode": "15050-491"
    },
    {
        "city": "Sao Jose Do Rio Preto",
        "state": "SP",
        "district": "Conj Habit Sao Deocleciano",
        "street": "Rua L",
        "zipcode": "15057-320"
    },
    {
        "city": "Sao Jose Do Rio Preto",
        "state": "SP",
        "district": "Vila Santo Antonio",
        "street": "Rua Salua Auada Balura",
        "zipcode": "15047-587"
    },
    {
        "city": "Sao Jose Do Rio Preto",
        "state": "SP",
        "district": "Parque Residencial Damha",
        "street": "Rua Vinte E Dois",
        "zipcode": "15061-732"
    },
    {
        "city": "Sao Jose Do Rio Preto",
        "state": "SP",
        "district": "Residencial Santa Ana",
        "street": "Rua Amelia De Araujo Peres",
        "zipcode": "15052-325"
    },
    {
        "city": "Sao Jose Do Rio Preto",
        "state": "SP",
        "district": "Condominio Debora Cristina",
        "street": "Rua Bonanza",
        "zipcode": "15091-085"
    },
    {
        "city": "Sao Jose Do Rio Preto",
        "state": "SP",
        "district": "Parque Quinta Das Paineiras",
        "street": "Rua Antonio Castilho Lozana",
        "zipcode": "15080-005"
    },
    {
        "city": "Sao Jose Do Rio Preto",
        "state": "SP",
        "district": "Estancia Jockey Clube",
        "street": "Rua Waldevino Borges De Carvalho",
        "zipcode": "15081-355"
    },
    {
        "city": "Sao Jose Do Rio Preto",
        "state": "SP",
        "district": "Jardim Maracana",
        "street": "Rua Doze",
        "zipcode": "15092-190"
    },
    {
        "city": "Sao Jose Do Rio Preto",
        "state": "SP",
        "district": "Parque Estoril",
        "street": "Rua Viriato",
        "zipcode": "15085-050"
    },
    {
        "city": "Sao Jose Do Rio Preto",
        "state": "SP",
        "district": "Vila Toninho",
        "street": "Rua Vinte",
        "zipcode": "15077-220"
    },
    {
        "city": "Sao Jose Do Rio Preto",
        "state": "SP",
        "district": "Jardim Viena",
        "street": "Rua Q",
        "zipcode": "15086-430"
    },
    {
        "city": "Sao Jose Do Rio Preto",
        "state": "SP",
        "district": "Vila Hipodromo",
        "street": "Praça Americo Ismael",
        "zipcode": "15075-007"
    },
    {
        "city": "Sao Jose Do Rio Preto",
        "state": "SP",
        "district": "Residencial Santa Ana",
        "street": "Rua Jose Castro Toscano",
        "zipcode": "15052-330"
    },
    {
        "city": "Sao Jose Do Rio Preto",
        "state": "SP",
        "district": "Vila Sao Judas Tadeu",
        "street": "Rua Onze",
        "zipcode": "15075-005"
    },
    {
        "city": "Sao Jose Do Rio Preto",
        "state": "SP",
        "district": "Vila Nossa Senhora Da Conceicao",
        "street": "Rua Dircineu Augusto De Avila",
        "zipcode": "15086-380"
    },
    {
        "city": "Sao Jose Do Rio Preto",
        "state": "SP",
        "district": "Vila Toninho",
        "street": "Rua Maria Jorge Dos Santos",
        "zipcode": "15081-375"
    },
    {
        "city": "Sao Jose Do Rio Preto",
        "state": "SP",
        "district": "Residencial Santa Ana",
        "street": "Rua Alzemira De Oliveira Martinez",
        "zipcode": "15052-322"
    },
    {
        "city": "Sao Jose Do Rio Preto",
        "state": "SP",
        "district": "Vila Nossa Senhora Da Conceicao",
        "street": "Rua Sebastiao Gomes",
        "zipcode": "15086-390"
    },
    {
        "city": "Sao Jose Do Rio Preto",
        "state": "SP",
        "district": "Condominio Debora Cristina",
        "street": "Rua California",
        "zipcode": "15091-040"
    },
    {
        "city": "Sao Jose Do Rio Preto",
        "state": "SP",
        "district": "Vila Nossa Senhora Da Conceicao",
        "street": "Rua Onofre Gomes De Pinho",
        "zipcode": "15086-370"
    },
    {
        "city": "Sao Jose Do Rio Preto",
        "state": "SP",
        "district": "Jardim Palmeiras",
        "street": "Rua Sete",
        "zipcode": "15091-580"
    },
    {
        "city": "Sao Jose Do Rio Preto",
        "state": "SP",
        "district": "Vila Nossa Senhora Da Conceicao",
        "street": "Rua Adelaide Aielo Longo",
        "zipcode": "15086-350"
    },
    {
        "city": "Sao Jose Do Rio Preto",
        "state": "SP",
        "district": "Jardim Yolanda",
        "street": "Rua Cinco",
        "zipcode": "15061-505"
    },
    {
        "city": "Sao Jose Do Rio Preto",
        "state": "SP",
        "district": "Roseiral",
        "street": "Praça Paris",
        "zipcode": "15070-407"
    },
    {
        "city": "Sao Jose Do Rio Preto",
        "state": "SP",
        "district": "Cidade Nova",
        "street": "Rua Waldomiro Alves Da Silva",
        "zipcode": "15085-305"
    },
    {
        "city": "Sao Jose Do Rio Preto",
        "state": "SP",
        "district": "Jardim Walkiria",
        "street": "Rua G",
        "zipcode": "15085-395"
    },
    {
        "city": "Sao Jose Do Rio Preto",
        "state": "SP",
        "district": "Jardim Novo Mundo",
        "street": "Praça Padre Santo Marini",
        "zipcode": "15084-185"
    },
    {
        "city": "Sao Jose Do Rio Preto",
        "state": "SP",
        "district": "Vila Nossa Senhora Da Conceicao",
        "street": "Rua Alfredo Barbour",
        "zipcode": "15086-360"
    },
    {
        "city": "Sao Jose Do Rio Preto",
        "state": "SP",
        "district": "Vila Toninho",
        "street": "Rua Cinco",
        "zipcode": "15077-050"
    },
    {
        "city": "Sao Jose Do Rio Preto",
        "state": "SP",
        "district": "Jardim Urano",
        "street": "Rua Projetada Dois",
        "zipcode": "15084-195"
    },
    {
        "city": "Sao Jose Do Rio Preto",
        "state": "SP",
        "district": "Vila Toninho",
        "street": "Rua Prof. Carlos Nunes De Matos",
        "zipcode": "15077-320"
    },
    {
        "city": "Sao Jose Do Rio Preto",
        "state": "SP",
        "district": "Parque Residencial Comendador Mancor Daud",
        "street": "Rua Dez",
        "zipcode": "15070-640"
    },
    {
        "city": "Sao Jose Do Rio Preto",
        "state": "SP",
        "district": "Vila Nossa Senhora Da Conceicao",
        "street": "Rua Francisco Antonio Viscone",
        "zipcode": "15086-410"
    },
    {
        "city": "Sao Jose Do Rio Preto",
        "state": "SP",
        "district": "Sao Francisco",
        "street": "Praça Da Imigracao Japonesa",
        "zipcode": "15086-050"
    },
    {
        "city": "Sao Jose Do Rio Preto",
        "state": "SP",
        "district": "Estancia Jockey Clube",
        "street": "Rua Manoel Gabriel De Oliveira",
        "zipcode": "15081-325"
    },
    {
        "city": "Sao Jose Do Rio Preto",
        "state": "SP",
        "district": "Vila Nossa Senhora Da Conceicao",
        "street": "Avenida Antonio Geromel",
        "zipcode": "15086-330"
    },
    {
        "city": "Sao Jose Do Rio Preto",
        "state": "SP",
        "district": "Jardim Walkiria",
        "street": "Rua F",
        "zipcode": "15085-295"
    },
    {
        "city": "Sao Jose Do Rio Preto",
        "state": "SP",
        "district": "Parque Residencial Cristo Rei",
        "street": "Rua E",
        "zipcode": "15076-695"
    },
    {
        "city": "Sao Jose Do Rio Preto",
        "state": "SP",
        "district": "Residencial Santa Ana",
        "street": "Rua Benedito Dos Santos Berti",
        "zipcode": "15052-333"
    },
    {
        "city": "Sao Jose Do Rio Preto",
        "state": "SP",
        "district": "Residencial Santa Ana",
        "street": "Rua Ana Passetto",
        "zipcode": "15052-327"
    },
    {
        "city": "Sao Jose Do Rio Preto",
        "state": "SP",
        "district": "Residencial Santa Ana",
        "street": "Rua Octavio Baglioni",
        "zipcode": "15052-317"
    },
    {
        "city": "Sao Jose Do Rio Preto",
        "state": "SP",
        "district": "Jardim Vivendas",
        "street": "Rua Dra Najla Eliani Chaddad",
        "zipcode": "15090-475"
    },
    {
        "city": "Sao Jose Do Rio Preto",
        "state": "SP",
        "district": "Jardim Sao Marco",
        "street": "Avenida Marginal Da Rodovia Br",
        "zipcode": "15081-195"
    },
    {
        "city": "Sao Jose Do Rio Preto",
        "state": "SP",
        "district": "Condominio Debora Cristina",
        "street": "Rua Colorado",
        "zipcode": "15091-090"
    },
    {
        "city": "Sao Jose Do Rio Preto",
        "state": "SP",
        "district": "Vila Sao Judas Tadeu",
        "street": "Praça Triangulo",
        "zipcode": "15075-235"
    },
    {
        "city": "Sao Jose Do Rio Preto",
        "state": "SP",
        "district": "Jardim Mona",
        "street": "Praça Joao Pedro Fernandes",
        "zipcode": "15050-000"
    },
    {
        "city": "Sao Jose Do Rio Preto",
        "state": "SP",
        "district": "Conj Habit Caic",
        "street": "Estrada Vicente Polachini",
        "zipcode": "15076-280"
    },
    {
        "city": "Sao Jose Do Rio Preto",
        "state": "SP",
        "district": "Conj Habit Sao Deocleciano",
        "street": "Rua Jose Marcelino De Oliveira",
        "zipcode": "15057-205"
    },
    {
        "city": "Sao Jose Do Rio Preto",
        "state": "SP",
        "district": "Eldorado",
        "street": "Praça Albino Melzi",
        "zipcode": "15043-465"
    },
    {
        "city": "Sao Jose Do Rio Preto",
        "state": "SP",
        "district": "Parque Do Sol",
        "street": "Rua Jose Ribeiro",
        "zipcode": "15040-570"
    },
    {
        "city": "Sao Jose Do Rio Preto",
        "state": "SP",
        "district": "Eldorado",
        "street": "Rua Valentim Gentil",
        "zipcode": "15043-000"
    },
    {
        "city": "Sao Jose Do Rio Preto",
        "state": "SP",
        "district": "Jardim Das Oliveiras",
        "street": "Rua Jose Domingos Correia",
        "zipcode": "15047-445"
    },
    {
        "city": "Sao Jose Do Rio Preto",
        "state": "SP",
        "district": "Jardim Das Oliveiras",
        "street": "Avenida Antonio Marcos De Oliveira",
        "zipcode": "15047-525"
    },
    {
        "city": "Sao Jose Do Rio Preto",
        "state": "SP",
        "district": "Jardim Maracana",
        "street": "Rua Gilberto Turquete",
        "zipcode": "15092-020"
    },
    {
        "city": "Sao Jose Do Rio Preto",
        "state": "SP",
        "district": "Jardim Anielli",
        "street": "Rua Luiz Dias",
        "zipcode": "15041-300"
    },
    {
        "city": "Sao Jose Do Rio Preto",
        "state": "SP",
        "district": "Residencial Macedo Teles I",
        "street": "Rua Catarina Bongiovani Del Campo",
        "zipcode": "15040-460"
    },
    {
        "city": "Sao Jose Do Rio Preto",
        "state": "SP",
        "district": "Jardim Paraiso",
        "street": "Rua Jose Vieira Neves",
        "zipcode": "15045-440"
    },
    {
        "city": "Sao Jose Do Rio Preto",
        "state": "SP",
        "district": "Jardim Gisette",
        "street": "Rua Joao Romera Peres",
        "zipcode": "15041-568"
    },
    {
        "city": "Sao Jose Do Rio Preto",
        "state": "SP",
        "district": "Vila Santo Antonio",
        "street": "Rua Valdecir Duran",
        "zipcode": "15047-554"
    },
    {
        "city": "Sao Jose Do Rio Preto",
        "state": "SP",
        "district": "Jardim Mugnaini",
        "street": "Rua Antonio Mayor",
        "zipcode": "15045-190"
    },
    {
        "city": "Sao Jose Do Rio Preto",
        "state": "SP",
        "district": "Solo Sagrado Ii",
        "street": "Rua Eliseu Nicolau Calvo",
        "zipcode": "15047-290"
    },
    {
        "city": "Sao Jose Do Rio Preto",
        "state": "SP",
        "district": "Jardim Itapema",
        "street": "Rua Adanilo Graciano Pimentel",
        "zipcode": "15045-310"
    },
    {
        "city": "Sao Jose Do Rio Preto",
        "state": "SP",
        "district": "Solo Sagrado Ii",
        "street": "Rua Leovegildo Correa Silva",
        "zipcode": "15047-500"
    },
    {
        "city": "Sao Jose Do Rio Preto",
        "state": "SP",
        "district": "Solo Sagrado Ii",
        "street": "Rua Nossa Senhora De Fatima",
        "zipcode": "15047-190"
    },
    {
        "city": "Sao Jose Do Rio Preto",
        "state": "SP",
        "district": "Jardim Vale Do Sol",
        "street": "Avenida Marginal",
        "zipcode": "15045-010"
    },
    {
        "city": "Sao Jose Do Rio Preto",
        "state": "SP",
        "district": "Vila Santo Antonio",
        "street": "Rua Italina Fabreti Oger",
        "zipcode": "15047-570"
    },
    {
        "city": "Sao Jose Do Rio Preto",
        "state": "SP",
        "district": "Jardim Residencial Vetorasso",
        "street": "Rua Treze",
        "zipcode": "15040-600"
    },
    {
        "city": "Sao Jose Do Rio Preto",
        "state": "SP",
        "district": "Jardim Residencial Etemp",
        "street": "Rua E",
        "zipcode": "15041-536"
    },
    {
        "city": "Sao Jose Do Rio Preto",
        "state": "SP",
        "district": "Jardim Mugnaini",
        "street": "Rua Nevio Romani",
        "zipcode": "15045-260"
    },
    {
        "city": "Sao Jose Do Rio Preto",
        "state": "SP",
        "district": "Vila Santo Antonio",
        "street": "Rua Ana Canada Favarin",
        "zipcode": "15047-559"
    },
    {
        "city": "Sao Jose Do Rio Preto",
        "state": "SP",
        "district": "Vila Santo Antonio",
        "street": "Rua Saletta Coviello",
        "zipcode": "15047-565"
    },
    {
        "city": "Sao Jose Do Rio Preto",
        "state": "SP",
        "district": "Jardim Santa Rosa Ii",
        "street": "Rua Pedro Araujo",
        "zipcode": "15050-486"
    },
    {
        "city": "Sao Jose Do Rio Preto",
        "state": "SP",
        "district": "Residencial Santa Ana",
        "street": "Rua Dom Jose De Aquino Pereira",
        "zipcode": "15052-309"
    },
    {
        "city": "Sao Jose Do Rio Preto",
        "state": "SP",
        "district": "Residencial Santa Ana",
        "street": "Rua Joaquim Del Arco",
        "zipcode": "15052-320"
    },
    {
        "city": "Sao Jose Do Rio Preto",
        "state": "SP",
        "district": "Parque Estoril",
        "street": "Rua Conde Dom Henrique",
        "zipcode": "15085-040"
    },
    {
        "city": "Sao Jose Do Rio Preto",
        "state": "SP",
        "district": "Vila Santo Antonio",
        "street": "Rua Edson Pupin",
        "zipcode": "15047-598"
    },
    {
        "city": "Sao Jose Do Rio Preto",
        "state": "SP",
        "district": "Jardim Residencial Vetorasso",
        "street": "Rua Alfredo Teodoro De Oliveira",
        "zipcode": "15040-440"
    },
    {
        "city": "Sao Jose Do Rio Preto",
        "state": "SP",
        "district": "Jardim Caparroz",
        "street": "Rua Jacobus Adrianus Schouten",
        "zipcode": "15050-430"
    },
    {
        "city": "Sao Jose Do Rio Preto",
        "state": "SP",
        "district": "Jardim Residencial Vetorasso",
        "street": "Rua Elza Menezes De Taveira",
        "zipcode": "15040-140"
    },
    {
        "city": "Sao Jose Do Rio Preto",
        "state": "SP",
        "district": "Sao Francisco",
        "street": "Praça Prof. Antonio Braz Vernucci",
        "zipcode": "15086-325"
    },
    {
        "city": "Sao Jose Do Rio Preto",
        "state": "SP",
        "district": "Jardim Congonhas",
        "street": "Rua Doze",
        "zipcode": "15030-093"
    },
    {
        "city": "Sao Jose Do Rio Preto",
        "state": "SP",
        "district": "Vila Nossa Senhora Da Conceicao",
        "street": "Rua Francisco Ruiz Alvarez",
        "zipcode": "15086-400"
    },
    {
        "city": "Sao Jose Do Rio Preto",
        "state": "SP",
        "district": "Parque Residencial Lauriano Tebar",
        "street": "Rua Nelson Freitas",
        "zipcode": "15040-390"
    },
    {
        "city": "Sao Jose Do Rio Preto",
        "state": "SP",
        "district": "Jardim Urupes",
        "street": "Rua Augusto Bortoluzzo",
        "zipcode": "15051-047"
    },
    {
        "city": "Sao Jose Do Rio Preto",
        "state": "SP",
        "district": "Vila Santo Antonio",
        "street": "Rua Kazutoshi Sakakibara",
        "zipcode": "15047-572"
    },
    {
        "city": "Sao Jose Do Rio Preto",
        "state": "SP",
        "district": "Jardim Residencial Vetorasso",
        "street": "Avenida Fortunato Ernesto Vetorasso",
        "zipcode": "15040-000"
    },
    {
        "city": "Sao Jose Do Rio Preto",
        "state": "SP",
        "district": "Parque Residencial Comendador Mancor Daud",
        "street": "Rua Martin Soler Teruel",
        "zipcode": "15070-645"
    },
    {
        "city": "Sao Jose Do Rio Preto",
        "state": "SP",
        "district": "Jardim Itapema",
        "street": "Rua Geraldo Fernandes",
        "zipcode": "15045-290"
    },
    {
        "city": "Sao Jose Do Rio Preto",
        "state": "SP",
        "district": "Vila Santo Antonio",
        "street": "Rua Valdivia Do Carmo Goncalves",
        "zipcode": "15047-583"
    },
    {
        "city": "Sao Jose Do Rio Preto",
        "state": "SP",
        "district": "Jardim Vivendas",
        "street": "Rua Gino Maccagnan",
        "zipcode": "15090-410"
    },
    {
        "city": "Sao Jose Do Rio Preto",
        "state": "SP",
        "district": "Jardim Fuscaldo",
        "street": "Rua Eduardo Campoo",
        "zipcode": "15061-300"
    },
    {
        "city": "Sao Jose Do Rio Preto",
        "state": "SP",
        "district": "Jardim Santa Rosa I",
        "street": "Rua Miguel Scarpelli",
        "zipcode": "15050-492"
    },
    {
        "city": "Sao Jose Do Rio Preto",
        "state": "SP",
        "district": "Vila Santo Antonio",
        "street": "Rua Leonardo Amorim De Moraes",
        "zipcode": "15047-591"
    },
    {
        "city": "Sao Jose Do Rio Preto",
        "state": "SP",
        "district": "Vila Santo Antonio",
        "street": "Rua Eupidia Maria Valsechi",
        "zipcode": "15047-577"
    },
    {
        "city": "Sao Jose Do Rio Preto",
        "state": "SP",
        "district": "Parque Quinta Das Paineiras",
        "street": "Rua Dr Lineu De Alcantara Gil",
        "zipcode": "15080-490"
    },
    {
        "city": "Sao Jose Do Rio Preto",
        "state": "SP",
        "district": "Vila Toninho",
        "street": "Rua Dezenove",
        "zipcode": "15077-100"
    },
    {
        "city": "Sao Jose Do Rio Preto",
        "state": "SP",
        "district": "Vila Santo Antonio",
        "street": "Rua Cristivao Cabreira Ruis",
        "zipcode": "15047-603"
    },
    {
        "city": "Sao Jose Do Rio Preto",
        "state": "SP",
        "district": "Vila Santo Antonio",
        "street": "Rua Geraldo Barbosa De Oliveira",
        "zipcode": "15047-588"
    },
    {
        "city": "Sao Jose Do Rio Preto",
        "state": "SP",
        "district": "Jardim Santa Rosa Ii",
        "street": "Rua Eunice Alcala",
        "zipcode": "15050-489"
    },
    {
        "city": "Sao Jose Do Rio Preto",
        "state": "SP",
        "district": "Jardim Panorama",
        "street": "Rua Coronel Spinola Castro",
        "zipcode": "15091-150"
    },
    {
        "city": "Sao Jose Do Rio Preto",
        "state": "SP",
        "district": "Vila Ercilia",
        "street": "Praça General Craveiro Lopes",
        "zipcode": "15014-165"
    },
    {
        "city": "Sao Jose Do Rio Preto",
        "state": "SP",
        "district": "Vila Santo Antonio",
        "street": "Rua Atilio Lobanco",
        "zipcode": "15047-569"
    },
    {
        "city": "Sao Jose Do Rio Preto",
        "state": "SP",
        "district": "Parque Industrial",
        "street": "Rua Dos Ferroviarios",
        "zipcode": "15024-042"
    },
    {
        "city": "Sao Jose Do Rio Preto",
        "state": "SP",
        "district": "Parque Residencial Dom Lafaiete Libanio",
        "street": "Rua Anesia De Campos Dias",
        "zipcode": "15046-007"
    },
    {
        "city": "Sao Jose Do Rio Preto",
        "state": "SP",
        "district": "Vila Santo Antonio",
        "street": "Rua Dr Walder Antonio Esbrogeo",
        "zipcode": "15047-555"
    },
    {
        "city": "Sao Jose Do Rio Preto",
        "state": "SP",
        "district": "Jardim Itapema",
        "street": "Rua Angelo Micucci",
        "zipcode": "15045-320"
    },
    {
        "city": "Sao Jose Do Rio Preto",
        "state": "SP",
        "district": "Parque Residencial Comendador Mancor Daud",
        "street": "Praça Luis Eduardo Expressao",
        "zipcode": "15070-535"
    },
    {
        "city": "Sao Jose Do Rio Preto",
        "state": "SP",
        "district": "Parque Quinta Das Paineiras",
        "street": "Rua Onofre Nery Braga",
        "zipcode": "15080-305"
    },
    {
        "city": "Sao Jose Do Rio Preto",
        "state": "SP",
        "district": "Jardim Residencial Vetorasso",
        "street": "Rua Dr Sinsei Toma",
        "zipcode": "15040-410"
    },
    {
        "city": "Sao Jose Do Rio Preto",
        "state": "SP",
        "district": "Vila Santo Antonio",
        "street": "Rua Mauricio Dib",
        "zipcode": "15047-576"
    },
    {
        "city": "Sao Jose Do Rio Preto",
        "state": "SP",
        "district": "Jardim Joao Paulo Ii",
        "street": "Praça Dom Bosco",
        "zipcode": "15051-305"
    },
    {
        "city": "Sao Jose Do Rio Preto",
        "state": "SP",
        "district": "Jardim Municipal",
        "street": "Rua Bait Chelala",
        "zipcode": "15054-440"
    },
    {
        "city": "Sao Jose Do Rio Preto",
        "state": "SP",
        "district": "Jardim Das Oliveiras",
        "street": "Rua Belmiro Pacifico Dorazio",
        "zipcode": "15047-512"
    },
    {
        "city": "Sao Jose Do Rio Preto",
        "state": "SP",
        "district": "Jardim Residencial Vetorasso",
        "street": "Rua Arthur Roma",
        "zipcode": "15040-120"
    }
]